,date,open,high,low,close,volume,average,barCount
0,2016-03-31,206.975,207.455,206.375,206.615,-1,-1.0,-1
1,2016-04-01,205.39,208.195,205.03,207.95,-1,-1.0,-1
2,2016-04-04,207.88,208.125,206.945,207.315,-1,-1.0,-1
3,2016-04-05,205.725,206.285,204.935,205.245,-1,-1.0,-1
4,2016-04-06,205.33,207.535,205.02,207.465,-1,-1.0,-1
5,2016-04-07,206.185,206.61,204.125,204.98,-1,-1.0,-1
6,2016-04-08,206.39,206.89,204.92,205.565,-1,-1.0,-1
7,2016-04-11,206.295,207.12,204.95,205.015,-1,-1.0,-1
8,2016-04-12,205.255,207.31,204.74,207.005,-1,-1.0,-1
9,2016-04-13,208.045,209.165,207.91,209.075,-1,-1.0,-1
10,2016-04-14,209.15,209.67,208.66,209.09,-1,-1.0,-1
11,2016-04-15,209.09,209.19,208.465,208.875,-1,-1.0,-1
12,2016-04-18,208.19,210.345,208.055,210.325,-1,-1.0,-1
13,2016-04-19,210.81,211.275,210.015,210.955,-1,-1.0,-1
14,2016-04-20,211.03,211.995,210.465,211.145,-1,-1.0,-1
15,2016-04-21,211.215,211.335,209.725,210.015,-1,-1.0,-1
16,2016-04-22,209.635,210.355,208.98,210.055,-1,-1.0,-1
17,2016-04-25,209.325,209.685,208.605,209.68,-1,-1.0,-1
18,2016-04-26,210.115,210.595,209.435,210.055,-1,-1.0,-1
19,2016-04-27,209.53,210.9,209.13,210.425,-1,-1.0,-1
20,2016-04-28,209.535,210.85,208.045,208.555,-1,-1.0,-1
21,2016-04-29,207.785,208.2,206.105,207.395,-1,-1.0,-1
22,2016-05-02,208.005,209.265,207.475,209.06,-1,-1.0,-1
23,2016-05-03,207.57,207.855,206.33,207.215,-1,-1.0,-1
24,2016-05-04,206.07,206.895,205.475,206.045,-1,-1.0,-1
25,2016-05-05,206.62,207.03,205.52,206.035,-1,-1.0,-1
26,2016-05-06,205.11,206.82,204.93,206.77,-1,-1.0,-1
27,2016-05-09,206.61,207.45,206.42,206.95,-1,-1.0,-1
28,2016-05-10,207.775,209.535,207.71,209.485,-1,-1.0,-1
29,2016-05-11,209.0,209.405,207.565,207.625,-1,-1.0,-1
30,2016-05-12,208.38,208.55,206.435,207.635,-1,-1.0,-1
31,2016-05-13,207.27,207.915,205.435,205.805,-1,-1.0,-1
32,2016-05-16,206.02,208.405,205.945,207.855,-1,-1.0,-1
33,2016-05-17,207.525,207.855,205.28,205.945,-1,-1.0,-1
34,2016-05-18,205.49,207.355,204.68,205.995,-1,-1.0,-1
35,2016-05-19,205.095,205.585,203.805,205.265,-1,-1.0,-1
36,2016-05-20,205.975,207.155,205.895,206.51,-1,-1.0,-1
37,2016-05-23,206.55,206.89,206.045,206.21,-1,-1.0,-1
38,2016-05-24,207.24,209.315,207.185,208.91,-1,-1.0,-1
39,2016-05-25,209.765,210.865,209.7,210.325,-1,-1.0,-1
40,2016-05-26,210.545,210.805,210.055,210.4,-1,-1.0,-1
41,2016-05-27,210.635,211.31,210.57,211.31,-1,-1.0,-1
42,2016-05-31,211.67,211.805,210.27,210.985,-1,-1.0,-1
43,2016-06-01,210.225,211.585,209.98,211.38,-1,-1.0,-1
44,2016-06-02,210.92,212.025,210.33,212.02,-1,-1.0,-1
45,2016-06-03,211.36,211.805,209.97,211.4,-1,-1.0,-1
46,2016-06-06,211.805,212.885,211.63,212.485,-1,-1.0,-1
47,2016-06-07,212.63,213.455,212.625,212.79,-1,-1.0,-1
48,2016-06-08,212.96,213.645,212.8,213.48,-1,-1.0,-1
49,2016-06-09,212.63,213.345,212.315,213.145,-1,-1.0,-1
50,2016-06-10,211.575,211.98,210.535,211.175,-1,-1.0,-1
51,2016-06-13,210.485,211.485,209.435,209.545,-1,-1.0,-1
52,2016-06-14,209.095,209.825,208.0,209.175,-1,-1.0,-1
53,2016-06-15,209.615,210.32,208.61,208.82,-1,-1.0,-1
54,2016-06-16,207.785,209.665,206.645,209.52,-1,-1.0,-1
55,2016-06-17,209.34,209.375,207.9,208.75,-1,-1.0,-1
56,2016-06-20,210.99,211.79,209.915,210.04,-1,-1.0,-1
57,2016-06-21,209.44,210.105,208.95,209.555,-1,-1.0,-1
58,2016-06-22,209.825,210.7,209.11,209.225,-1,-1.0,-1
59,2016-06-23,210.98,212.025,210.455,212.01,-1,-1.0,-1
60,2016-06-24,204.88,208.075,203.875,204.37,-1,-1.0,-1
61,2016-06-27,202.73,202.735,199.79,200.715,-1,-1.0,-1
62,2016-06-28,202.64,204.345,202.26,204.325,-1,-1.0,-1
63,2016-06-29,205.995,208.105,205.88,207.83,-1,-1.0,-1
64,2016-06-30,208.405,210.72,207.73,210.695,-1,-1.0,-1
65,2016-07-01,210.555,211.685,210.525,211.015,-1,-1.0,-1
66,2016-07-05,210.165,210.27,208.895,209.635,-1,-1.0,-1
67,2016-07-06,209.015,210.995,208.24,210.935,-1,-1.0,-1
68,2016-07-07,211.07,211.845,209.835,210.695,-1,-1.0,-1
69,2016-07-08,212.255,214.16,211.98,213.86,-1,-1.0,-1
70,2016-07-11,214.42,215.29,214.175,214.62,-1,-1.0,-1
71,2016-07-12,215.755,216.525,215.48,216.16,-1,-1.0,-1
72,2016-07-13,216.68,216.695,215.585,216.165,-1,-1.0,-1
73,2016-07-14,217.635,217.915,216.895,217.305,-1,-1.0,-1
74,2016-07-15,218.02,218.055,216.53,217.06,-1,-1.0,-1
75,2016-07-18,217.19,217.855,216.9,217.66,-1,-1.0,-1
76,2016-07-19,217.165,217.47,216.875,217.395,-1,-1.0,-1
77,2016-07-20,217.985,218.605,217.47,218.33,-1,-1.0,-1
78,2016-07-21,218.19,218.475,216.985,217.5,-1,-1.0,-1
79,2016-07-22,217.635,218.555,217.34,218.48,-1,-1.0,-1
80,2016-07-25,218.245,218.32,217.225,217.915,-1,-1.0,-1
81,2016-07-26,217.785,218.415,217.01,217.975,-1,-1.0,-1
82,2016-07-27,218.435,218.53,216.89,217.79,-1,-1.0,-1
83,2016-07-28,217.53,218.365,216.995,218.035,-1,-1.0,-1
84,2016-07-29,217.72,218.8,217.365,218.365,-1,-1.0,-1
85,2016-08-01,218.435,218.905,217.64,218.135,-1,-1.0,-1
86,2016-08-02,217.905,218.065,215.815,216.795,-1,-1.0,-1
87,2016-08-03,216.725,217.485,216.375,217.445,-1,-1.0,-1
88,2016-08-04,217.545,218.025,217.08,217.65,-1,-1.0,-1
89,2016-08-05,218.485,219.485,218.33,219.425,-1,-1.0,-1
90,2016-08-08,219.675,219.785,218.995,219.285,-1,-1.0,-1
91,2016-08-09,219.395,220.005,219.06,219.415,-1,-1.0,-1
92,2016-08-10,219.57,219.67,218.475,218.895,-1,-1.0,-1
93,2016-08-11,219.52,220.195,219.205,219.92,-1,-1.0,-1
94,2016-08-12,219.54,219.975,219.255,219.705,-1,-1.0,-1
95,2016-08-15,220.175,220.765,220.15,220.4,-1,-1.0,-1
96,2016-08-16,219.86,219.95,219.235,219.25,-1,-1.0,-1
97,2016-08-17,219.275,219.795,218.275,219.615,-1,-1.0,-1
98,2016-08-18,219.595,220.16,219.47,220.145,-1,-1.0,-1
99,2016-08-19,219.575,220.015,219.005,219.84,-1,-1.0,-1
100,2016-08-22,219.53,220.065,219.085,219.77,-1,-1.0,-1
101,2016-08-23,220.52,220.875,220.175,220.21,-1,-1.0,-1
102,2016-08-24,220.075,220.185,218.625,219.125,-1,-1.0,-1
103,2016-08-25,218.655,219.45,218.475,218.845,-1,-1.0,-1
104,2016-08-26,219.175,220.385,217.505,218.505,-1,-1.0,-1
105,2016-08-29,218.72,219.925,218.655,219.625,-1,-1.0,-1
106,2016-08-30,219.525,219.855,218.6,219.225,-1,-1.0,-1
107,2016-08-31,218.885,219.01,217.72,218.64,-1,-1.0,-1
108,2016-09-01,218.615,218.99,217.275,218.66,-1,-1.0,-1
109,2016-09-02,219.675,220.145,218.97,219.635,-1,-1.0,-1
110,2016-09-06,219.965,220.355,219.115,220.345,-1,-1.0,-1
111,2016-09-07,220.095,220.495,219.575,220.34,-1,-1.0,-1
112,2016-09-08,219.89,220.235,219.43,219.805,-1,-1.0,-1
113,2016-09-09,218.195,218.275,214.485,214.5,-1,-1.0,-1
114,2016-09-12,213.6,218.06,213.52,217.58,-1,-1.0,-1
115,2016-09-13,216.055,216.38,213.73,214.435,-1,-1.0,-1
116,2016-09-14,214.535,215.925,213.705,214.345,-1,-1.0,-1
117,2016-09-15,214.145,216.965,213.96,216.525,-1,-1.0,-1
118,2016-09-16,215.78,215.995,214.875,215.64,-1,-1.0,-1
119,2016-09-19,216.45,217.21,215.345,215.715,-1,-1.0,-1
120,2016-09-20,216.73,216.915,215.69,215.735,-1,-1.0,-1
121,2016-09-21,216.565,218.365,215.76,218.135,-1,-1.0,-1
122,2016-09-22,219.355,219.885,219.065,219.505,-1,-1.0,-1
123,2016-09-23,219.055,219.235,218.22,218.325,-1,-1.0,-1
124,2016-09-26,216.28,216.46,215.24,215.44,-1,-1.0,-1
125,2016-09-27,215.27,216.905,214.82,216.775,-1,-1.0,-1
126,2016-09-28,217.07,218.035,215.935,217.905,-1,-1.0,-1
127,2016-09-29,217.65,218.11,215.255,215.905,-1,-1.0,-1
128,2016-09-30,216.875,218.345,216.59,217.58,-1,-1.0,-1
129,2016-10-03,217.045,217.275,216.255,216.92,-1,-1.0,-1
130,2016-10-04,217.18,217.405,215.22,215.945,-1,-1.0,-1
131,2016-10-05,216.63,217.355,216.555,216.875,-1,-1.0,-1
132,2016-10-06,216.58,217.265,215.955,217.06,-1,-1.0,-1
133,2016-10-07,217.325,217.585,215.395,216.275,-1,-1.0,-1
134,2016-10-10,217.375,217.935,217.215,217.335,-1,-1.0,-1
135,2016-10-11,216.89,216.965,213.785,214.675,-1,-1.0,-1
136,2016-10-12,214.815,215.54,214.22,214.935,-1,-1.0,-1
137,2016-10-13,213.36,214.815,212.41,214.26,-1,-1.0,-1
138,2016-10-14,215.375,215.92,214.245,214.295,-1,-1.0,-1
139,2016-10-17,214.3,214.595,213.38,213.615,-1,-1.0,-1
140,2016-10-18,215.475,215.505,214.485,214.895,-1,-1.0,-1
141,2016-10-19,215.25,215.85,214.815,215.45,-1,-1.0,-1
142,2016-10-20,215.075,215.76,214.325,215.105,-1,-1.0,-1
143,2016-10-21,214.15,215.305,213.975,215.155,-1,-1.0,-1
144,2016-10-24,216.205,216.525,215.7,216.075,-1,-1.0,-1
145,2016-10-25,215.92,216.205,215.205,215.405,-1,-1.0,-1
146,2016-10-26,214.41,215.645,214.145,214.97,-1,-1.0,-1
147,2016-10-27,215.815,215.84,214.295,214.385,-1,-1.0,-1
148,2016-10-28,214.35,215.14,212.93,213.715,-1,-1.0,-1
149,2016-10-31,214.14,214.4,213.565,213.695,-1,-1.0,-1
150,2016-11-01,214.14,214.18,210.78,212.205,-1,-1.0,-1
151,2016-11-02,211.865,212.29,210.405,210.865,-1,-1.0,-1
152,2016-11-03,211.175,211.43,209.63,210.01,-1,-1.0,-1
153,2016-11-04,210.09,211.06,209.565,209.685,-1,-1.0,-1
154,2016-11-07,212.64,214.385,212.485,214.305,-1,-1.0,-1
155,2016-11-08,213.895,216.005,213.6,215.3,-1,-1.0,-1
156,2016-11-09,213.545,218.345,213.515,217.635,-1,-1.0,-1
157,2016-11-10,218.565,219.555,216.455,218.11,-1,-1.0,-1
158,2016-11-11,217.32,217.925,216.545,217.7,-1,-1.0,-1
159,2016-11-14,218.245,218.495,216.94,217.785,-1,-1.0,-1
160,2016-11-15,218.265,219.505,218.03,219.475,-1,-1.0,-1
161,2016-11-16,218.795,219.39,218.665,219.185,-1,-1.0,-1
162,2016-11-17,219.285,220.315,219.165,220.205,-1,-1.0,-1
163,2016-11-18,220.305,220.52,219.535,219.76,-1,-1.0,-1
164,2016-11-21,220.405,221.435,220.255,221.37,-1,-1.0,-1
165,2016-11-22,221.775,222.05,220.995,221.795,-1,-1.0,-1
166,2016-11-23,221.245,222.025,221.005,221.985,-1,-1.0,-1
167,2016-11-25,222.375,222.815,222.285,222.815,-1,-1.0,-1
168,2016-11-28,222.45,222.755,221.635,221.815,-1,-1.0,-1
169,2016-11-29,221.8,222.715,221.425,222.165,-1,-1.0,-1
170,2016-11-30,222.905,223.105,221.58,221.585,-1,-1.0,-1
171,2016-12-01,221.95,221.97,220.415,220.79,-1,-1.0,-1
172,2016-12-02,220.93,221.515,220.515,220.935,-1,-1.0,-1
173,2016-12-05,221.92,222.68,221.685,222.21,-1,-1.0,-1
174,2016-12-06,222.48,223.015,221.925,222.965,-1,-1.0,-1
175,2016-12-07,222.79,225.985,222.655,225.87,-1,-1.0,-1
176,2016-12-08,225.875,227.015,225.57,226.445,-1,-1.0,-1
177,2016-12-09,226.72,227.835,226.68,227.825,-1,-1.0,-1
178,2016-12-12,227.725,228.295,227.085,227.565,-1,-1.0,-1
179,2016-12-13,228.355,229.685,228.335,229.07,-1,-1.0,-1
180,2016-12-14,228.73,229.57,226.685,227.26,-1,-1.0,-1
181,2016-12-15,227.48,229.155,227.34,228.095,-1,-1.0,-1
182,2016-12-16,228.645,228.735,227.335,227.745,-1,-1.0,-1
183,2016-12-19,227.93,228.68,227.74,228.165,-1,-1.0,-1
184,2016-12-20,228.835,229.245,228.545,229.035,-1,-1.0,-1
185,2016-12-21,227.63,227.83,227.14,227.18,-1,-1.0,-1
186,2016-12-22,226.97,227.115,226.29,226.785,-1,-1.0,-1
187,2016-12-23,226.795,227.08,226.575,227.05,-1,-1.0,-1
188,2016-12-27,227.36,228.095,227.345,227.61,-1,-1.0,-1
189,2016-12-28,227.93,227.935,225.645,225.775,-1,-1.0,-1
190,2016-12-29,225.845,226.26,225.21,225.715,-1,-1.0,-1
191,2016-12-30,226.105,226.215,224.095,224.91,-1,-1.0,-1
192,2017-01-03,226.41,227.195,225.235,226.525,-1,-1.0,-1
193,2017-01-04,226.965,228.12,226.955,227.9,-1,-1.0,-1
194,2017-01-05,227.635,227.96,226.85,227.75,-1,-1.0,-1
195,2017-01-06,227.89,229.13,227.27,228.64,-1,-1.0,-1
196,2017-01-09,228.285,228.455,227.795,227.865,-1,-1.0,-1
197,2017-01-10,227.86,228.82,227.38,227.81,-1,-1.0,-1
198,2017-01-11,227.74,228.44,226.95,228.44,-1,-1.0,-1
199,2017-01-12,227.88,228.135,226.31,227.955,-1,-1.0,-1
200,2017-01-13,228.105,228.79,228.075,228.415,-1,-1.0,-1
201,2017-01-17,227.69,228.17,227.195,227.675,-1,-1.0,-1
202,2017-01-18,227.9,228.17,227.275,228.125,-1,-1.0,-1
203,2017-01-19,228.225,228.395,226.785,227.335,-1,-1.0,-1
204,2017-01-20,228.095,228.695,227.43,228.08,-1,-1.0,-1
205,2017-01-23,227.72,228.185,226.65,227.565,-1,-1.0,-1
206,2017-01-24,227.79,229.475,227.65,228.97,-1,-1.0,-1
207,2017-01-25,230.08,230.965,229.88,230.875,-1,-1.0,-1
208,2017-01-26,230.78,231.105,230.395,230.695,-1,-1.0,-1
209,2017-01-27,230.795,230.985,230.155,230.395,-1,-1.0,-1
210,2017-01-30,229.55,229.595,227.79,229.015,-1,-1.0,-1
211,2017-01-31,228.345,228.97,227.71,228.945,-1,-1.0,-1
212,2017-02-01,229.655,229.98,228.33,229.035,-1,-1.0,-1
213,2017-02-02,228.625,229.49,228.21,229.145,-1,-1.0,-1
214,2017-02-03,230.21,230.935,229.845,230.785,-1,-1.0,-1
215,2017-02-06,230.26,230.72,229.94,230.365,-1,-1.0,-1
216,2017-02-07,230.785,231.06,230.12,230.375,-1,-1.0,-1
217,2017-02-08,229.995,230.785,229.7,230.665,-1,-1.0,-1
218,2017-02-09,230.975,232.36,230.93,231.985,-1,-1.0,-1
219,2017-02-10,232.425,233.195,232.29,232.895,-1,-1.0,-1
220,2017-02-13,233.515,234.505,233.47,234.155,-1,-1.0,-1
221,2017-02-14,233.98,235.145,233.59,235.14,-1,-1.0,-1
222,2017-02-15,234.875,236.595,234.845,236.335,-1,-1.0,-1
223,2017-02-16,236.42,236.605,235.315,236.205,-1,-1.0,-1
224,2017-02-17,235.39,236.51,235.38,236.495,-1,-1.0,-1
225,2017-02-21,236.98,238.145,236.96,237.905,-1,-1.0,-1
226,2017-02-22,237.49,238.015,237.285,237.765,-1,-1.0,-1
227,2017-02-23,238.365,238.385,237.02,237.915,-1,-1.0,-1
228,2017-02-24,236.93,238.265,236.87,238.245,-1,-1.0,-1
229,2017-02-27,238.11,238.785,237.815,238.615,-1,-1.0,-1
230,2017-02-28,238.155,238.415,237.485,237.975,-1,-1.0,-1
231,2017-03-01,239.86,241.815,239.85,241.235,-1,-1.0,-1
232,2017-03-02,241.045,241.065,239.695,239.815,-1,-1.0,-1
233,2017-03-03,239.655,240.105,239.215,239.965,-1,-1.0,-1
234,2017-03-06,238.96,239.605,238.505,239.25,-1,-1.0,-1
235,2017-03-07,238.84,239.255,238.255,238.53,-1,-1.0,-1
236,2017-03-08,238.82,239.105,237.875,238.07,-1,-1.0,-1
237,2017-03-09,238.14,238.715,237.215,238.315,-1,-1.0,-1
238,2017-03-10,239.45,239.515,238.07,239.125,-1,-1.0,-1
239,2017-03-13,239.1,239.34,238.72,239.245,-1,-1.0,-1
240,2017-03-14,238.66,238.72,237.67,238.405,-1,-1.0,-1
241,2017-03-15,239.045,240.925,238.77,240.38,-1,-1.0,-1
242,2017-03-16,240.59,240.705,239.605,240.04,-1,-1.0,-1
243,2017-03-17,240.295,240.495,239.585,239.585,-1,-1.0,-1
244,2017-03-20,239.55,239.875,238.845,239.275,-1,-1.0,-1
245,2017-03-21,240.005,240.14,236.075,236.29,-1,-1.0,-1
246,2017-03-22,236.28,237.11,235.54,236.775,-1,-1.0,-1
247,2017-03-23,236.485,237.845,236.095,236.515,-1,-1.0,-1
248,2017-03-24,235.845,236.5,234.435,235.38,-1,-1.0,-1
249,2017-03-27,233.37,235.375,233.065,235.04,-1,-1.0,-1
250,2017-03-28,234.725,237.29,234.625,236.73,-1,-1.0,-1
251,2017-03-29,236.465,237.285,236.195,237.065,-1,-1.0,-1
252,2017-03-30,236.955,238.005,236.75,237.74,-1,-1.0,-1
253,2017-03-31,237.37,237.99,237.165,237.19,-1,-1.0,-1
254,2017-04-03,237.285,237.52,235.395,236.86,-1,-1.0,-1
255,2017-04-04,236.455,237.055,236.03,236.985,-1,-1.0,-1
256,2017-04-05,237.73,238.89,236.035,236.265,-1,-1.0,-1
257,2017-04-06,236.445,237.51,235.91,236.865,-1,-1.0,-1
258,2017-04-07,236.625,237.485,236.115,236.645,-1,-1.0,-1
259,2017-04-10,236.845,237.74,236.215,236.815,-1,-1.0,-1
260,2017-04-11,236.36,236.675,234.815,236.52,-1,-1.0,-1
261,2017-04-12,236.225,236.43,235.24,235.585,-1,-1.0,-1
262,2017-04-13,235.11,235.96,234.025,234.03,-1,-1.0,-1
263,2017-04-17,234.575,236.05,234.365,236.045,-1,-1.0,-1
264,2017-04-18,235.18,235.965,234.555,235.335,-1,-1.0,-1
265,2017-04-19,235.995,236.445,234.66,234.95,-1,-1.0,-1
266,2017-04-20,235.63,237.34,235.26,236.775,-1,-1.0,-1
267,2017-04-21,236.73,236.79,235.605,236.085,-1,-1.0,-1
268,2017-04-24,238.69,238.915,238.115,238.615,-1,-1.0,-1
269,2017-04-25,239.41,240.465,239.305,240.035,-1,-1.0,-1
270,2017-04-26,240.04,241.05,239.86,239.945,-1,-1.0,-1
271,2017-04-27,240.28,240.46,239.485,240.115,-1,-1.0,-1
272,2017-04-28,240.415,240.44,239.45,239.615,-1,-1.0,-1
273,2017-05-01,240.17,240.69,239.7,240.165,-1,-1.0,-1
274,2017-05-02,240.375,240.495,239.815,240.3,-1,-1.0,-1
275,2017-05-03,239.81,240.255,239.215,240.035,-1,-1.0,-1
276,2017-05-04,240.36,240.435,239.275,240.255,-1,-1.0,-1
277,2017-05-05,240.71,241.225,240.195,241.225,-1,-1.0,-1
278,2017-05-08,241.27,241.455,240.69,241.195,-1,-1.0,-1
279,2017-05-09,241.47,241.705,240.545,240.975,-1,-1.0,-1
280,2017-05-10,240.89,241.395,240.665,241.37,-1,-1.0,-1
281,2017-05-11,240.855,241.08,239.63,240.92,-1,-1.0,-1
282,2017-05-12,240.59,240.72,240.19,240.535,-1,-1.0,-1
283,2017-05-15,241.005,241.955,240.965,241.755,-1,-1.0,-1
284,2017-05-16,242.15,242.195,241.145,241.615,-1,-1.0,-1
285,2017-05-17,239.595,240.14,237.24,237.345,-1,-1.0,-1
286,2017-05-18,237.185,239.235,236.915,238.225,-1,-1.0,-1
287,2017-05-19,238.815,240.575,238.765,239.79,-1,-1.0,-1
288,2017-05-22,240.405,241.225,240.32,241.045,-1,-1.0,-1
289,2017-05-23,241.475,241.745,241.025,241.535,-1,-1.0,-1
290,2017-05-24,241.825,242.245,241.45,242.105,-1,-1.0,-1
291,2017-05-25,242.72,243.62,242.48,243.245,-1,-1.0,-1
292,2017-05-26,243.075,243.425,242.985,243.265,-1,-1.0,-1
293,2017-05-30,242.855,243.325,242.685,243.06,-1,-1.0,-1
294,2017-05-31,243.37,243.43,242.165,242.955,-1,-1.0,-1
295,2017-06-01,243.495,244.88,243.175,244.88,-1,-1.0,-1
296,2017-06-02,244.965,245.905,244.63,245.675,-1,-1.0,-1
297,2017-06-05,245.525,245.85,245.32,245.515,-1,-1.0,-1
298,2017-06-06,244.84,245.52,244.665,244.815,-1,-1.0,-1
299,2017-06-07,245.16,245.475,244.385,245.21,-1,-1.0,-1
300,2017-06-08,245.335,245.9,244.72,245.31,-1,-1.0,-1
301,2017-06-09,245.68,246.585,243.475,244.995,-1,-1.0,-1
302,2017-06-12,244.68,244.985,243.93,244.905,-1,-1.0,-1
303,2017-06-13,245.55,246.185,245.14,246.1,-1,-1.0,-1
304,2017-06-14,246.425,246.47,244.845,245.825,-1,-1.0,-1
305,2017-06-15,244.255,245.47,243.91,245.355,-1,-1.0,-1
306,2017-06-16,245.515,245.545,244.37,245.365,-1,-1.0,-1
307,2017-06-19,246.325,247.485,246.215,247.39,-1,-1.0,-1
308,2017-06-20,247.005,247.03,245.745,245.795,-1,-1.0,-1
309,2017-06-21,246.195,246.35,245.155,245.69,-1,-1.0,-1
310,2017-06-22,245.72,246.285,245.385,245.585,-1,-1.0,-1
311,2017-06-23,245.675,246.265,245.225,245.895,-1,-1.0,-1
312,2017-06-26,246.65,247.145,245.785,246.01,-1,-1.0,-1
313,2017-06-27,244.665,245.015,242.945,242.975,-1,-1.0,-1
314,2017-06-28,244.125,245.35,243.855,245.095,-1,-1.0,-1
315,2017-06-29,245.305,245.355,241.565,243.015,-1,-1.0,-1
316,2017-06-30,243.89,244.335,243.19,243.385,-1,-1.0,-1
317,2017-07-03,244.525,245.01,243.91,243.955,-1,-1.0,-1
318,2017-07-05,244.23,244.635,243.315,244.385,-1,-1.0,-1
319,2017-07-06,243.5,243.655,241.95,242.19,-1,-1.0,-1
320,2017-07-07,242.83,243.915,242.635,243.715,-1,-1.0,-1
321,2017-07-10,243.57,244.435,243.405,243.965,-1,-1.0,-1
322,2017-07-11,243.78,244.175,242.465,243.805,-1,-1.0,-1
323,2017-07-12,244.965,245.85,244.965,245.635,-1,-1.0,-1
324,2017-07-13,245.66,246.2,245.41,246.065,-1,-1.0,-1
325,2017-07-14,246.075,247.635,245.955,247.185,-1,-1.0,-1
326,2017-07-17,247.115,247.575,246.975,247.155,-1,-1.0,-1
327,2017-07-18,246.72,247.38,246.325,247.345,-1,-1.0,-1
328,2017-07-19,247.7,248.665,247.675,248.665,-1,-1.0,-1
329,2017-07-20,248.945,249.095,248.135,248.75,-1,-1.0,-1
330,2017-07-21,248.12,248.58,247.845,248.545,-1,-1.0,-1
331,2017-07-24,248.47,248.645,247.945,248.495,-1,-1.0,-1
332,2017-07-25,249.375,249.475,248.84,249.065,-1,-1.0,-1
333,2017-07-26,249.43,249.475,248.795,249.135,-1,-1.0,-1
334,2017-07-27,249.645,249.69,247.34,248.9,-1,-1.0,-1
335,2017-07-28,248.32,248.725,247.795,248.565,-1,-1.0,-1
336,2017-07-31,249.04,249.15,248.195,248.425,-1,-1.0,-1
337,2017-08-01,249.145,249.18,248.47,248.97,-1,-1.0,-1
338,2017-08-02,249.15,249.285,248.035,249.1,-1,-1.0,-1
339,2017-08-03,249.015,249.015,248.325,248.655,-1,-1.0,-1
340,2017-08-04,249.21,249.48,248.645,249.065,-1,-1.0,-1
341,2017-08-07,249.165,249.545,249.035,249.525,-1,-1.0,-1
342,2017-08-08,249.205,250.595,248.505,248.965,-1,-1.0,-1
343,2017-08-09,248.145,248.985,247.715,248.895,-1,-1.0,-1
344,2017-08-10,247.955,248.105,245.355,245.435,-1,-1.0,-1
345,2017-08-11,245.66,246.45,245.395,245.745,-1,-1.0,-1
346,2017-08-14,247.215,248.455,247.215,248.165,-1,-1.0,-1
347,2017-08-15,248.635,248.66,247.825,248.19,-1,-1.0,-1
348,2017-08-16,248.765,249.25,248.12,248.605,-1,-1.0,-1
349,2017-08-17,247.92,248.265,244.755,244.755,-1,-1.0,-1
350,2017-08-18,244.52,245.825,243.82,244.245,-1,-1.0,-1
351,2017-08-21,244.275,244.83,243.45,244.555,-1,-1.0,-1
352,2017-08-22,245.225,247.275,245.18,247.05,-1,-1.0,-1
353,2017-08-23,245.995,246.695,245.81,246.175,-1,-1.0,-1
354,2017-08-24,246.645,246.83,245.395,245.685,-1,-1.0,-1
355,2017-08-25,246.545,247.28,246.045,246.185,-1,-1.0,-1
356,2017-08-28,246.78,246.855,245.74,246.255,-1,-1.0,-1
357,2017-08-29,244.755,246.805,244.57,246.515,-1,-1.0,-1
358,2017-08-30,246.48,247.995,246.275,247.705,-1,-1.0,-1
359,2017-08-31,248.405,249.455,248.285,249.105,-1,-1.0,-1
360,2017-09-01,249.605,250.025,249.375,249.565,-1,-1.0,-1
361,2017-09-05,248.925,249.2,246.615,247.78,-1,-1.0,-1
362,2017-09-06,248.54,248.98,247.9,248.605,-1,-1.0,-1
363,2017-09-07,248.95,248.975,248.09,248.6,-1,-1.0,-1
364,2017-09-08,248.21,248.795,247.995,248.225,-1,-1.0,-1
365,2017-09-11,249.74,251.015,249.71,250.895,-1,-1.0,-1
366,2017-09-12,251.35,251.805,251.135,251.795,-1,-1.0,-1
367,2017-09-13,251.425,251.93,251.3,251.91,-1,-1.0,-1
368,2017-09-14,251.505,252.05,251.325,251.825,-1,-1.0,-1
369,2017-09-15,251.665,252.245,251.535,252.195,-1,-1.0,-1
370,2017-09-18,252.565,253.085,252.24,252.665,-1,-1.0,-1
371,2017-09-19,252.95,253.055,252.57,252.945,-1,-1.0,-1
372,2017-09-20,253.055,253.175,251.88,253.065,-1,-1.0,-1
373,2017-09-21,252.86,252.955,252.15,252.365,-1,-1.0,-1
374,2017-09-22,251.995,252.605,251.99,252.385,-1,-1.0,-1
375,2017-09-25,252.105,252.525,251.03,251.895,-1,-1.0,-1
376,2017-09-26,251.105,251.375,250.485,250.74,-1,-1.0,-1
377,2017-09-27,251.57,252.175,250.545,251.725,-1,-1.0,-1
378,2017-09-28,251.4,252.13,251.32,252.005,-1,-1.0,-1
379,2017-09-29,252.01,253.01,251.805,252.905,-1,-1.0,-1
380,2017-10-02,253.175,253.99,253.1,253.975,-1,-1.0,-1
381,2017-10-03,254.145,254.595,253.935,254.555,-1,-1.0,-1
382,2017-10-04,254.4,255.155,254.265,254.895,-1,-1.0,-1
383,2017-10-05,255.235,256.415,255.125,256.37,-1,-1.0,-1
384,2017-10-06,255.88,256.185,255.595,256.125,-1,-1.0,-1
385,2017-10-09,256.36,256.43,255.375,255.68,-1,-1.0,-1
386,2017-10-10,256.335,256.78,255.715,256.335,-1,-1.0,-1
387,2017-10-11,256.245,256.745,256.055,256.715,-1,-1.0,-1
388,2017-10-12,256.395,256.785,256.095,256.335,-1,-1.0,-1
389,2017-10-13,256.88,257.015,256.495,256.645,-1,-1.0,-1
390,2017-10-16,256.93,257.24,256.545,257.025,-1,-1.0,-1
391,2017-10-17,256.95,257.255,256.715,257.205,-1,-1.0,-1
392,2017-10-18,257.635,257.69,257.235,257.43,-1,-1.0,-1
393,2017-10-19,256.555,257.555,256.065,257.545,-1,-1.0,-1
394,2017-10-20,258.435,258.89,258.155,258.83,-1,-1.0,-1
395,2017-10-23,259.23,259.23,257.755,257.87,-1,-1.0,-1
396,2017-10-24,258.315,258.57,257.88,258.275,-1,-1.0,-1
397,2017-10-25,257.925,258.035,255.715,257.045,-1,-1.0,-1
398,2017-10-26,257.735,258.04,257.285,257.325,-1,-1.0,-1
399,2017-10-27,258.25,259.65,257.895,259.44,-1,-1.0,-1
400,2017-10-30,258.82,259.35,258.16,258.54,-1,-1.0,-1
401,2017-10-31,258.915,259.185,258.555,258.855,-1,-1.0,-1
402,2017-11-01,259.81,260.195,258.815,259.27,-1,-1.0,-1
403,2017-11-02,259.155,259.495,257.93,259.365,-1,-1.0,-1
404,2017-11-03,259.54,260.255,259.055,260.195,-1,-1.0,-1
405,2017-11-06,260.035,260.765,259.965,260.595,-1,-1.0,-1
406,2017-11-07,260.75,261.13,259.85,260.485,-1,-1.0,-1
407,2017-11-08,260.23,260.995,259.925,260.905,-1,-1.0,-1
408,2017-11-09,259.505,260.165,258.105,259.975,-1,-1.0,-1
409,2017-11-10,259.505,259.98,259.125,259.825,-1,-1.0,-1
410,2017-11-13,259.05,260.365,259.015,260.11,-1,-1.0,-1
411,2017-11-14,259.165,259.625,258.275,259.515,-1,-1.0,-1
412,2017-11-15,258.445,258.98,257.375,258.18,-1,-1.0,-1
413,2017-11-16,259.275,260.815,259.25,260.375,-1,-1.0,-1
414,2017-11-17,259.975,260.205,259.535,259.635,-1,-1.0,-1
415,2017-11-20,259.905,260.28,259.605,260.05,-1,-1.0,-1
416,2017-11-21,260.94,261.975,260.855,261.735,-1,-1.0,-1
417,2017-11-22,261.81,261.925,261.335,261.54,-1,-1.0,-1
418,2017-11-24,262.055,262.265,261.935,262.125,-1,-1.0,-1
419,2017-11-27,262.145,262.535,261.78,262.035,-1,-1.0,-1
420,2017-11-28,262.55,264.71,262.44,264.655,-1,-1.0,-1
421,2017-11-29,264.835,265.445,263.995,264.515,-1,-1.0,-1
422,2017-11-30,265.555,267.875,265.48,266.72,-1,-1.0,-1
423,2017-12-01,266.605,267.135,262.545,266.255,-1,-1.0,-1
424,2017-12-04,268.125,268.65,265.955,265.955,-1,-1.0,-1
425,2017-12-05,266.275,266.975,264.845,265.005,-1,-1.0,-1
426,2017-12-06,264.665,265.545,264.53,265.02,-1,-1.0,-1
427,2017-12-07,264.905,266.245,264.755,265.875,-1,-1.0,-1
428,2017-12-08,266.83,267.365,266.55,267.31,-1,-1.0,-1
429,2017-12-11,267.41,268.235,267.325,268.18,-1,-1.0,-1
430,2017-12-12,268.43,269.17,268.185,268.63,-1,-1.0,-1
431,2017-12-13,268.9,269.415,268.515,268.565,-1,-1.0,-1
432,2017-12-14,268.955,269.075,267.435,267.525,-1,-1.0,-1
433,2017-12-15,268.67,270.255,268.6,269.74,-1,-1.0,-1
434,2017-12-18,271.31,271.845,271.22,271.43,-1,-1.0,-1
435,2017-12-19,270.455,270.495,269.055,269.16,-1,-1.0,-1
436,2017-12-20,270.215,270.31,268.64,268.99,-1,-1.0,-1
437,2017-12-21,269.705,270.35,269.255,269.53,-1,-1.0,-1
438,2017-12-22,269.555,269.6,268.855,269.455,-1,-1.0,-1
439,2017-12-26,269.02,269.345,268.845,269.105,-1,-1.0,-1
440,2017-12-27,269.31,269.67,268.97,269.295,-1,-1.0,-1
441,2017-12-28,269.79,269.875,269.415,269.815,-1,-1.0,-1
442,2017-12-29,270.505,270.505,268.585,268.825,-1,-1.0,-1
443,2018-01-02,269.81,270.8,269.365,270.785,-1,-1.0,-1
444,2018-01-03,270.97,272.635,270.955,272.46,-1,-1.0,-1
445,2018-01-04,273.2,274.165,273.105,273.625,-1,-1.0,-1
446,2018-01-05,274.52,275.555,273.955,275.415,-1,-1.0,-1
447,2018-01-08,275.305,276.115,274.99,275.935,-1,-1.0,-1
448,2018-01-09,276.405,277.255,276.115,276.54,-1,-1.0,-1
449,2018-01-10,275.7,276.445,274.935,276.115,-1,-1.0,-1
450,2018-01-11,276.755,278.12,276.59,278.12,-1,-1.0,-1
451,2018-01-12,278.44,280.145,278.325,279.955,-1,-1.0,-1
452,2018-01-16,281.39,282.16,278.21,279.01,-1,-1.0,-1
453,2018-01-17,280.07,282.11,279.23,281.665,-1,-1.0,-1
454,2018-01-18,281.545,282.015,280.635,281.24,-1,-1.0,-1
455,2018-01-19,281.855,282.48,281.205,282.465,-1,-1.0,-1
456,2018-01-22,282.235,284.765,282.19,284.765,-1,-1.0,-1
457,2018-01-23,284.825,285.715,284.475,285.355,-1,-1.0,-1
458,2018-01-24,286.11,286.81,283.915,285.265,-1,-1.0,-1
459,2018-01-25,286.245,286.365,284.495,285.375,-1,-1.0,-1
460,2018-01-26,286.365,288.695,286.055,288.685,-1,-1.0,-1
461,2018-01-29,288.075,288.56,286.615,286.78,-1,-1.0,-1
462,2018-01-30,284.675,285.375,283.295,283.76,-1,-1.0,-1
463,2018-01-31,284.8,285.41,282.76,284.0,-1,-1.0,-1
464,2018-02-01,283.13,285.165,282.755,283.695,-1,-1.0,-1
465,2018-02-02,282.125,282.325,277.455,277.545,-1,-1.0,-1
466,2018-02-05,275.47,277.87,265.205,266.205,-1,-1.0,-1
467,2018-02-06,261.84,271.645,260.55,271.125,-1,-1.0,-1
468,2018-02-07,270.44,274.36,269.605,269.62,-1,-1.0,-1
469,2018-02-08,269.96,270.145,259.475,259.595,-1,-1.0,-1
470,2018-02-09,262.665,265.53,254.765,263.575,-1,-1.0,-1
471,2018-02-12,265.69,268.935,263.795,267.205,-1,-1.0,-1
472,2018-02-13,265.925,268.57,265.24,267.96,-1,-1.0,-1
473,2018-02-14,266.465,271.98,266.21,271.675,-1,-1.0,-1
474,2018-02-15,273.56,275.025,270.745,275.02,-1,-1.0,-1
475,2018-02-16,274.315,277.36,274.315,275.11,-1,-1.0,-1
476,2018-02-20,274.02,275.7,272.51,273.42,-1,-1.0,-1
477,2018-02-21,273.895,276.735,271.99,271.99,-1,-1.0,-1
478,2018-02-22,273.11,275.075,271.635,272.325,-1,-1.0,-1
479,2018-02-23,273.845,276.745,273.285,276.74,-1,-1.0,-1
480,2018-02-26,277.965,280.07,277.325,279.97,-1,-1.0,-1
481,2018-02-27,280.185,281.015,276.415,276.425,-1,-1.0,-1
482,2018-02-28,277.735,278.25,273.33,273.345,-1,-1.0,-1
483,2018-03-01,272.63,275.19,267.955,270.095,-1,-1.0,-1
484,2018-03-02,267.76,271.715,266.765,271.12,-1,-1.0,-1
485,2018-03-05,269.735,274.9,269.585,274.215,-1,-1.0,-1
486,2018-03-06,275.275,275.39,273.185,274.925,-1,-1.0,-1
487,2018-03-07,272.435,275.205,272.23,274.815,-1,-1.0,-1
488,2018-03-08,275.575,276.265,274.445,276.105,-1,-1.0,-1
489,2018-03-09,277.72,280.925,277.375,280.885,-1,-1.0,-1
490,2018-03-12,281.285,282.015,280.155,280.58,-1,-1.0,-1
491,2018-03-13,281.955,282.505,278.1,278.755,-1,-1.0,-1
492,2018-03-14,279.87,280.105,276.72,277.335,-1,-1.0,-1
493,2018-03-15,277.945,278.67,276.485,277.06,-1,-1.0,-1
494,2018-03-16,277.635,278.54,277.3,277.335,-1,-1.0,-1
495,2018-03-19,276.48,276.495,271.705,273.585,-1,-1.0,-1
496,2018-03-20,274.015,274.775,273.29,274.055,-1,-1.0,-1
497,2018-03-21,274.035,276.4,273.285,273.545,-1,-1.0,-1
498,2018-03-22,269.77,270.745,265.175,265.485,-1,-1.0,-1
499,2018-03-23,265.965,266.82,259.595,259.805,-1,-1.0,-1
500,2018-03-26,263.975,267.235,261.185,266.975,-1,-1.0,-1
501,2018-03-27,268.005,268.6,260.595,262.295,-1,-1.0,-1
502,2018-03-28,262.525,264.44,260.35,261.62,-1,-1.0,-1
503,2018-03-29,262.885,267.065,262.055,265.285,-1,-1.0,-1
504,2018-04-02,264.365,264.94,256.395,259.25,-1,-1.0,-1
505,2018-04-03,260.675,263.065,258.565,262.56,-1,-1.0,-1
506,2018-04-04,258.465,266.165,258.365,265.625,-1,-1.0,-1
507,2018-04-05,267.33,268.435,266.115,267.45,-1,-1.0,-1
508,2018-04-06,265.23,266.935,259.76,261.565,-1,-1.0,-1
509,2018-04-09,263.22,266.665,262.31,262.645,-1,-1.0,-1
510,2018-04-10,266.07,267.86,264.775,266.945,-1,-1.0,-1
511,2018-04-11,265.3,267.45,265.18,265.535,-1,-1.0,-1
512,2018-04-12,267.07,268.825,266.855,267.705,-1,-1.0,-1
513,2018-04-13,269.23,269.38,265.805,266.975,-1,-1.0,-1
514,2018-04-16,268.805,270.025,267.88,269.165,-1,-1.0,-1
515,2018-04-17,271.2,272.73,270.575,272.005,-1,-1.0,-1
516,2018-04-18,272.575,273.16,271.735,272.21,-1,-1.0,-1
517,2018-04-19,271.485,271.725,269.555,270.715,-1,-1.0,-1
518,2018-04-20,270.67,270.905,267.43,268.46,-1,-1.0,-1
519,2018-04-23,269.115,269.72,267.165,268.395,-1,-1.0,-1
520,2018-04-24,269.56,269.815,263.055,264.845,-1,-1.0,-1
521,2018-04-25,264.725,265.94,262.615,265.385,-1,-1.0,-1
522,2018-04-26,266.615,269.065,266.085,268.145,-1,-1.0,-1
523,2018-04-27,268.845,269.195,267.31,268.415,-1,-1.0,-1
524,2018-04-30,269.045,269.72,266.205,266.215,-1,-1.0,-1
525,2018-05-01,265.72,266.915,263.9,266.81,-1,-1.0,-1
526,2018-05-02,266.56,267.49,264.54,264.965,-1,-1.0,-1
527,2018-05-03,264.03,265.155,260.815,264.41,-1,-1.0,-1
528,2018-05-04,263.28,268.605,262.92,267.835,-1,-1.0,-1
529,2018-05-07,268.73,269.85,267.935,268.735,-1,-1.0,-1
530,2018-05-08,268.325,269.165,266.965,268.715,-1,-1.0,-1
531,2018-05-09,269.48,271.715,268.94,271.355,-1,-1.0,-1
532,2018-05-10,272.195,274.27,272.09,273.885,-1,-1.0,-1
533,2018-05-11,274.005,275.035,273.46,274.505,-1,-1.0,-1
534,2018-05-14,275.215,275.95,274.26,274.805,-1,-1.0,-1
535,2018-05-15,273.445,273.49,271.905,272.895,-1,-1.0,-1
536,2018-05-16,272.97,274.635,272.97,274.095,-1,-1.0,-1
537,2018-05-17,273.81,275.13,272.99,273.905,-1,-1.0,-1
538,2018-05-18,273.495,273.905,272.805,273.23,-1,-1.0,-1
539,2018-05-21,274.885,275.88,274.48,275.235,-1,-1.0,-1
540,2018-05-22,275.84,276.155,274.13,274.445,-1,-1.0,-1
541,2018-05-23,273.05,275.285,272.865,275.265,-1,-1.0,-1
542,2018-05-24,274.81,275.125,272.65,274.765,-1,-1.0,-1
543,2018-05-25,274.07,274.765,273.455,274.075,-1,-1.0,-1
544,2018-05-29,272.17,273.045,269.61,270.975,-1,-1.0,-1
545,2018-05-30,272.44,274.995,272.295,274.49,-1,-1.0,-1
546,2018-05-31,274.06,274.38,272.12,272.64,-1,-1.0,-1
547,2018-06-01,274.3,275.845,274.22,275.555,-1,-1.0,-1
548,2018-06-04,276.42,277.12,276.145,276.81,-1,-1.0,-1
549,2018-06-05,276.92,277.445,276.095,277.125,-1,-1.0,-1
550,2018-06-06,277.72,279.47,277.005,279.47,-1,-1.0,-1
551,2018-06-07,279.915,280.225,278.275,279.285,-1,-1.0,-1
552,2018-06-08,278.775,280.18,278.605,280.115,-1,-1.0,-1
553,2018-06-11,280.35,281.33,280.24,280.535,-1,-1.0,-1
554,2018-06-12,280.995,281.29,280.145,280.95,-1,-1.0,-1
555,2018-06-13,281.15,281.445,279.755,279.895,-1,-1.0,-1
556,2018-06-14,280.915,281.3,280.01,280.705,-1,-1.0,-1
557,2018-06-15,279.815,280.7,278.53,280.385,-1,-1.0,-1
558,2018-06-18,278.67,279.9,278.125,279.78,-1,-1.0,-1
559,2018-06-19,277.135,278.94,276.69,278.675,-1,-1.0,-1
560,2018-06-20,279.47,279.91,278.77,279.185,-1,-1.0,-1
561,2018-06-21,279.15,279.16,276.84,277.41,-1,-1.0,-1
562,2018-06-22,278.855,278.97,277.66,277.885,-1,-1.0,-1
563,2018-06-25,276.59,276.775,272.22,274.14,-1,-1.0,-1
564,2018-06-26,273.495,274.41,272.64,273.4,-1,-1.0,-1
565,2018-06-27,274.115,275.735,271.035,271.115,-1,-1.0,-1
566,2018-06-28,271.115,273.61,270.32,272.815,-1,-1.0,-1
567,2018-06-29,273.97,275.53,273.055,273.055,-1,-1.0,-1
568,2018-07-02,271.37,273.935,271.09,273.81,-1,-1.0,-1
569,2018-07-03,274.745,274.865,272.29,272.695,-1,-1.0,-1
570,2018-07-05,274.045,275.065,272.82,274.975,-1,-1.0,-1
571,2018-07-06,275.025,277.735,274.595,277.255,-1,-1.0,-1
572,2018-07-09,278.46,279.855,278.42,279.79,-1,-1.0,-1
573,2018-07-10,280.335,280.94,280.005,280.76,-1,-1.0,-1
574,2018-07-11,279.05,279.97,278.435,278.815,-1,-1.0,-1
575,2018-07-12,280.205,281.345,279.52,281.23,-1,-1.0,-1
576,2018-07-13,281.13,281.88,280.595,281.5,-1,-1.0,-1
577,2018-07-16,281.57,281.74,280.79,281.305,-1,-1.0,-1
578,2018-07-17,280.405,282.87,280.365,282.465,-1,-1.0,-1
579,2018-07-18,282.57,283.145,282.01,283.03,-1,-1.0,-1
580,2018-07-19,282.275,282.695,281.405,281.985,-1,-1.0,-1
581,2018-07-20,281.73,282.435,281.445,281.665,-1,-1.0,-1
582,2018-07-23,281.37,282.355,280.995,282.22,-1,-1.0,-1
583,2018-07-24,283.715,284.535,282.605,283.535,-1,-1.0,-1
584,2018-07-25,283.315,286.37,283.255,286.135,-1,-1.0,-1
585,2018-07-26,285.185,286.105,285.075,285.29,-1,-1.0,-1
586,2018-07-27,285.715,285.795,282.34,283.445,-1,-1.0,-1
587,2018-07-30,283.445,283.66,281.305,281.855,-1,-1.0,-1
588,2018-07-31,282.77,283.985,282.34,283.18,-1,-1.0,-1
589,2018-08-01,283.48,284.105,282.09,282.89,-1,-1.0,-1
590,2018-08-02,281.355,284.555,281.13,284.3,-1,-1.0,-1
591,2018-08-03,284.515,285.645,284.315,285.635,-1,-1.0,-1
592,2018-08-06,285.545,286.99,285.2,286.67,-1,-1.0,-1
593,2018-08-07,287.385,288.03,287.24,287.555,-1,-1.0,-1
594,2018-08-08,287.39,287.94,286.97,287.44,-1,-1.0,-1
595,2018-08-09,287.54,287.995,286.935,287.075,-1,-1.0,-1
596,2018-08-10,285.44,286.045,284.355,285.095,-1,-1.0,-1
597,2018-08-13,285.46,286.16,283.755,284.04,-1,-1.0,-1
598,2018-08-14,284.915,286.165,284.485,285.875,-1,-1.0,-1
599,2018-08-15,284.36,284.505,282.115,283.75,-1,-1.0,-1
600,2018-08-16,285.35,287.065,285.35,286.11,-1,-1.0,-1
601,2018-08-17,285.815,287.59,285.38,287.045,-1,-1.0,-1
602,2018-08-20,287.605,288.005,287.075,287.73,-1,-1.0,-1
603,2018-08-21,288.29,289.365,288.13,288.295,-1,-1.0,-1
604,2018-08-22,287.895,288.78,287.595,288.225,-1,-1.0,-1
605,2018-08-23,287.985,288.975,287.465,287.795,-1,-1.0,-1
606,2018-08-24,288.475,289.73,288.42,289.54,-1,-1.0,-1
607,2018-08-27,290.895,291.965,290.735,291.78,-1,-1.0,-1
608,2018-08-28,292.38,292.495,291.465,291.945,-1,-1.0,-1
609,2018-08-29,292.22,293.825,291.95,293.56,-1,-1.0,-1
610,2018-08-30,293.025,293.455,291.705,292.32,-1,-1.0,-1
611,2018-08-31,291.915,292.91,291.37,292.3,-1,-1.0,-1
612,2018-09-04,291.93,292.295,290.75,291.955,-1,-1.0,-1
613,2018-09-05,291.5,291.72,289.945,291.15,-1,-1.0,-1
614,2018-09-06,291.23,291.58,289.05,290.29,-1,-1.0,-1
615,2018-09-07,289.03,290.78,288.765,289.615,-1,-1.0,-1
616,2018-09-10,290.81,291.115,289.94,290.18,-1,-1.0,-1
617,2018-09-11,289.44,291.63,289.025,291.21,-1,-1.0,-1
618,2018-09-12,291.135,291.885,290.29,291.23,-1,-1.0,-1
619,2018-09-13,292.39,293.13,292.08,292.92,-1,-1.0,-1
620,2018-09-14,293.15,293.365,292.09,292.99,-1,-1.0,-1
621,2018-09-17,292.9,292.945,291.125,291.435,-1,-1.0,-1
622,2018-09-18,291.66,293.68,291.66,293.01,-1,-1.0,-1
623,2018-09-19,293.06,293.795,292.93,293.345,-1,-1.0,-1
624,2018-09-20,294.755,296.075,294.625,295.68,-1,-1.0,-1
625,2018-09-21,296.595,296.7,295.255,295.455,-1,-1.0,-1
626,2018-09-24,294.77,294.935,293.79,294.49,-1,-1.0,-1
627,2018-09-25,294.96,295.085,293.9,294.15,-1,-1.0,-1
628,2018-09-26,293.055,294.415,291.575,291.995,-1,-1.0,-1
629,2018-09-27,292.6,294.075,292.255,292.815,-1,-1.0,-1
630,2018-09-28,292.16,293.44,292.095,292.75,-1,-1.0,-1
631,2018-10-01,294.28,295.095,293.16,293.85,-1,-1.0,-1
632,2018-10-02,293.75,294.54,293.315,293.745,-1,-1.0,-1
633,2018-10-03,294.885,295.41,293.505,293.965,-1,-1.0,-1
634,2018-10-04,293.375,293.415,289.815,291.645,-1,-1.0,-1
635,2018-10-05,291.845,292.445,288.355,290.025,-1,-1.0,-1
636,2018-10-08,289.175,290.365,287.615,289.935,-1,-1.0,-1
637,2018-10-09,289.555,291.02,288.915,289.57,-1,-1.0,-1
638,2018-10-10,288.965,288.99,279.95,280.28,-1,-1.0,-1
639,2018-10-11,279.16,280.98,272.38,274.275,-1,-1.0,-1
640,2018-10-12,278.85,279.13,274.385,278.06,-1,-1.0,-1
641,2018-10-15,277.565,279.09,276.34,276.505,-1,-1.0,-1
642,2018-10-16,278.645,282.92,278.125,282.385,-1,-1.0,-1
643,2018-10-17,282.53,283.225,279.63,282.48,-1,-1.0,-1
644,2018-10-18,281.46,282.16,277.025,278.52,-1,-1.0,-1
645,2018-10-19,279.205,281.375,277.53,278.255,-1,-1.0,-1
646,2018-10-22,279.07,279.42,276.44,277.105,-1,-1.0,-1
647,2018-10-23,272.97,276.9,270.615,275.555,-1,-1.0,-1
648,2018-10-24,275.38,275.79,266.65,267.155,-1,-1.0,-1
649,2018-10-25,269.36,273.825,268.175,272.145,-1,-1.0,-1
650,2018-10-26,267.87,270.775,264.225,267.225,-1,-1.0,-1
651,2018-10-29,270.81,272.25,261.78,265.755,-1,-1.0,-1
652,2018-10-30,265.62,270.115,265.055,269.805,-1,-1.0,-1
653,2018-10-31,272.675,275.24,272.13,272.74,-1,-1.0,-1
654,2018-11-01,273.67,275.765,272.405,275.54,-1,-1.0,-1
655,2018-11-02,276.785,277.28,271.605,273.82,-1,-1.0,-1
656,2018-11-05,274.45,276.06,273.375,275.475,-1,-1.0,-1
657,2018-11-06,275.37,277.34,275.295,277.165,-1,-1.0,-1
658,2018-11-07,279.64,283.22,279.165,283.035,-1,-1.0,-1
659,2018-11-08,282.255,283.33,281.315,282.54,-1,-1.0,-1
660,2018-11-09,281.11,281.355,278.245,279.925,-1,-1.0,-1
661,2018-11-12,279.24,279.54,274.01,274.525,-1,-1.0,-1
662,2018-11-13,275.105,277.385,273.265,274.085,-1,-1.0,-1
663,2018-11-14,276.205,276.665,270.44,272.16,-1,-1.0,-1
664,2018-11-15,270.77,275.57,268.975,275.07,-1,-1.0,-1
665,2018-11-16,273.815,276.785,273.24,275.725,-1,-1.0,-1
666,2018-11-19,275.095,275.395,270.065,271.125,-1,-1.0,-1
667,2018-11-20,267.315,268.97,265.075,266.125,-1,-1.0,-1
668,2018-11-21,267.765,269.1,266.955,267.025,-1,-1.0,-1
669,2018-11-23,265.08,266.76,265.035,265.285,-1,-1.0,-1
670,2018-11-26,267.725,269.525,267.3,269.42,-1,-1.0,-1
671,2018-11-27,268.3,270.345,267.6,270.325,-1,-1.0,-1
672,2018-11-28,271.605,276.6,270.515,276.56,-1,-1.0,-1
673,2018-11-29,275.795,277.62,274.475,276.03,-1,-1.0,-1
674,2018-11-30,275.85,278.375,275.505,277.84,-1,-1.0,-1
675,2018-12-03,282.44,282.57,279.585,281.34,-1,-1.0,-1
676,2018-12-04,280.465,280.96,271.935,272.54,-1,-1.0,-1
677,2018-12-06,267.915,271.965,264.365,271.955,-1,-1.0,-1
678,2018-12-07,271.44,273.255,264.575,265.59,-1,-1.0,-1
679,2018-12-10,265.32,267.1,260.505,266.015,-1,-1.0,-1
680,2018-12-11,269.595,269.83,264.415,266.055,-1,-1.0,-1
681,2018-12-12,269.46,270.94,267.345,267.49,-1,-1.0,-1
682,2018-12-13,268.495,269.47,266.08,267.355,-1,-1.0,-1
683,2018-12-14,264.885,265.97,261.745,262.41,-1,-1.0,-1
684,2018-12-17,259.885,261.125,253.94,255.725,-1,-1.0,-1
685,2018-12-18,257.61,258.355,253.74,255.54,-1,-1.0,-1
686,2018-12-19,255.59,259.705,249.715,251.555,-1,-1.0,-1
687,2018-12-20,250.235,251.98,244.97,247.59,-1,-1.0,-1
688,2018-12-21,248.495,251.51,241.725,242.44,-1,-1.0,-1
689,2018-12-24,240.76,242.02,236.055,236.125,-1,-1.0,-1
690,2018-12-26,237.64,247.745,235.435,247.72,-1,-1.0,-1
691,2018-12-27,244.355,250.015,240.665,250.005,-1,-1.0,-1
692,2018-12-28,251.055,252.85,247.925,249.29,-1,-1.0,-1
693,2018-12-31,250.99,251.665,248.95,251.605,-1,-1.0,-1
694,2019-01-02,247.51,252.7,247.43,251.745,-1,-1.0,-1
695,2019-01-03,249.74,250.05,245.08,245.54,-1,-1.0,-1
696,2019-01-04,249.04,254.61,248.63,253.95,-1,-1.0,-1
697,2019-01-07,254.205,257.46,253.2,255.79,-1,-1.0,-1
698,2019-01-08,258.315,258.84,255.5,258.225,-1,-1.0,-1
699,2019-01-09,259.09,260.47,257.705,259.41,-1,-1.0,-1
700,2019-01-10,257.825,260.705,257.05,260.495,-1,-1.0,-1
701,2019-01-11,259.225,260.52,258.57,260.455,-1,-1.0,-1
702,2019-01-14,258.425,259.83,257.945,258.995,-1,-1.0,-1
703,2019-01-15,259.37,262.255,259.36,261.925,-1,-1.0,-1
704,2019-01-16,262.37,263.52,262.165,262.485,-1,-1.0,-1
705,2019-01-17,261.57,265.49,261.51,264.55,-1,-1.0,-1
706,2019-01-18,266.53,268.57,265.69,268.015,-1,-1.0,-1
707,2019-01-22,266.39,266.61,262.665,264.525,-1,-1.0,-1
708,2019-01-23,265.61,266.36,262.23,264.89,-1,-1.0,-1
709,2019-01-24,264.78,265.77,263.655,265.17,-1,-1.0,-1
710,2019-01-25,267.2,268.28,266.705,267.405,-1,-1.0,-1
711,2019-01-28,264.985,265.405,263.36,265.36,-1,-1.0,-1
712,2019-01-29,265.49,266.12,264.07,264.995,-1,-1.0,-1
713,2019-01-30,266.685,270.13,265.84,269.22,-1,-1.0,-1
714,2019-01-31,269.145,272.02,268.895,271.515,-1,-1.0,-1
715,2019-02-01,271.775,272.85,270.81,271.71,-1,-1.0,-1
716,2019-02-04,271.755,273.675,270.98,273.64,-1,-1.0,-1
717,2019-02-05,274.115,275.08,273.545,274.825,-1,-1.0,-1
718,2019-02-06,274.435,274.97,273.565,274.43,-1,-1.0,-1
719,2019-02-07,272.565,273.18,269.925,271.805,-1,-1.0,-1
720,2019-02-08,270.35,272.15,269.465,272.13,-1,-1.0,-1
721,2019-02-11,272.83,273.15,271.675,272.285,-1,-1.0,-1
722,2019-02-12,274.055,276.205,273.98,275.8,-1,-1.0,-1
723,2019-02-13,276.725,277.625,276.24,276.665,-1,-1.0,-1
724,2019-02-14,275.435,277.32,274.535,276.045,-1,-1.0,-1
725,2019-02-15,278.04,279.115,277.82,279.1,-1,-1.0,-1
726,2019-02-19,278.18,280.3,278.17,279.56,-1,-1.0,-1
727,2019-02-20,279.535,280.635,278.96,280.135,-1,-1.0,-1
728,2019-02-21,279.43,279.785,278.035,279.155,-1,-1.0,-1
729,2019-02-22,279.83,281.085,279.54,280.86,-1,-1.0,-1
730,2019-02-25,282.455,283.055,281.155,281.28,-1,-1.0,-1
731,2019-02-26,280.81,282.015,280.625,281.055,-1,-1.0,-1
732,2019-02-27,280.24,281.315,279.205,280.94,-1,-1.0,-1
733,2019-02-28,280.67,281.175,280.055,280.295,-1,-1.0,-1
734,2019-03-01,282.205,282.625,280.555,282.225,-1,-1.0,-1
735,2019-03-04,283.345,283.605,278.545,281.15,-1,-1.0,-1
736,2019-03-05,281.265,281.49,280.14,280.79,-1,-1.0,-1
737,2019-03-06,280.87,280.88,278.675,279.0,-1,-1.0,-1
738,2019-03-07,278.525,278.655,275.75,276.775,-1,-1.0,-1
739,2019-03-08,274.595,276.335,274.1,276.205,-1,-1.0,-1
740,2019-03-11,276.93,280.34,276.93,280.215,-1,-1.0,-1
741,2019-03-12,280.78,281.805,280.58,281.185,-1,-1.0,-1
742,2019-03-13,282.235,284.14,282.04,283.105,-1,-1.0,-1
743,2019-03-14,283.135,283.595,282.43,282.955,-1,-1.0,-1
744,2019-03-15,283.535,285.205,283.335,284.38,-1,-1.0,-1
745,2019-03-18,284.55,285.67,284.31,285.405,-1,-1.0,-1
746,2019-03-19,286.525,287.395,284.435,285.53,-1,-1.0,-1
747,2019-03-20,284.045,285.395,282.19,283.42,-1,-1.0,-1
748,2019-03-21,282.515,287.08,282.47,286.565,-1,-1.0,-1
749,2019-03-22,285.125,285.71,281.065,281.15,-1,-1.0,-1
750,2019-03-25,280.75,282.075,279.52,280.915,-1,-1.0,-1
751,2019-03-26,282.885,284.085,281.455,282.93,-1,-1.0,-1
752,2019-03-27,283.03,283.66,279.81,281.6,-1,-1.0,-1
753,2019-03-28,282.225,283.11,280.96,282.685,-1,-1.0,-1
754,2019-03-29,284.305,284.735,283.04,284.53,-1,-1.0,-1
755,2019-04-01,286.635,288.09,286.34,287.83,-1,-1.0,-1
756,2019-04-02,287.975,288.16,287.015,287.915,-1,-1.0,-1
757,2019-04-03,289.265,289.695,287.68,288.45,-1,-1.0,-1
758,2019-04-04,288.73,289.39,287.94,289.145,-1,-1.0,-1
759,2019-04-05,289.86,290.56,289.54,290.465,-1,-1.0,-1
760,2019-04-08,290.015,290.85,289.305,290.775,-1,-1.0,-1
761,2019-04-09,289.675,290.03,288.645,289.26,-1,-1.0,-1
762,2019-04-10,289.725,290.345,289.26,290.235,-1,-1.0,-1
763,2019-04-11,290.765,290.775,289.52,290.19,-1,-1.0,-1
764,2019-04-12,291.985,292.445,291.215,292.155,-1,-1.0,-1
765,2019-04-15,292.22,292.32,291.03,291.945,-1,-1.0,-1
766,2019-04-16,292.93,292.985,291.455,292.15,-1,-1.0,-1
767,2019-04-17,293.39,293.41,290.94,291.415,-1,-1.0,-1
768,2019-04-18,292.07,292.285,290.62,291.985,-1,-1.0,-1
769,2019-04-22,291.12,292.41,291.035,292.29,-1,-1.0,-1
770,2019-04-23,292.65,295.105,292.4,294.83,-1,-1.0,-1
771,2019-04-24,294.74,295.13,294.05,294.21,-1,-1.0,-1
772,2019-04-25,294.115,294.755,292.685,294.06,-1,-1.0,-1
773,2019-04-26,294.105,295.495,293.215,295.445,-1,-1.0,-1
774,2019-04-29,295.515,296.455,295.405,295.8,-1,-1.0,-1
775,2019-04-30,295.475,296.325,293.905,295.955,-1,-1.0,-1
776,2019-05-01,296.725,296.94,293.775,293.805,-1,-1.0,-1
777,2019-05-02,293.64,294.685,291.495,293.24,-1,-1.0,-1
778,2019-05-03,294.805,296.335,294.56,296.025,-1,-1.0,-1
779,2019-05-06,291.215,295.3,290.9,294.85,-1,-1.0,-1
780,2019-05-07,292.11,292.795,287.755,289.995,-1,-1.0,-1
781,2019-05-08,289.485,291.39,288.815,289.535,-1,-1.0,-1
782,2019-05-09,287.18,289.27,285.225,288.705,-1,-1.0,-1
783,2019-05-10,287.57,290.91,284.21,289.985,-1,-1.0,-1
784,2019-05-13,284.305,285.405,281.835,282.87,-1,-1.0,-1
785,2019-05-14,283.895,287.025,283.735,285.23,-1,-1.0,-1
786,2019-05-15,283.485,287.7,283.25,286.995,-1,-1.0,-1
787,2019-05-16,287.755,291.17,287.7,289.57,-1,-1.0,-1
788,2019-05-17,287.08,290.56,287.06,287.875,-1,-1.0,-1
789,2019-05-20,286.01,287.355,285.045,285.91,-1,-1.0,-1
790,2019-05-21,287.745,288.88,287.48,288.435,-1,-1.0,-1
791,2019-05-22,287.37,288.615,287.045,287.575,-1,-1.0,-1
792,2019-05-23,285.115,285.12,282.475,284.18,-1,-1.0,-1
793,2019-05-24,285.67,286.12,284.005,284.705,-1,-1.0,-1
794,2019-05-28,285.0,286.085,282.085,282.1,-1,-1.0,-1
795,2019-05-29,280.8,281.21,278.555,280.205,-1,-1.0,-1
796,2019-05-30,280.975,281.92,279.665,280.915,-1,-1.0,-1
797,2019-05-31,278.055,278.97,277.09,277.22,-1,-1.0,-1
798,2019-06-03,277.155,278.405,274.9,276.405,-1,-1.0,-1
799,2019-06-04,278.955,282.58,278.465,282.435,-1,-1.0,-1
800,2019-06-05,284.24,284.905,282.195,284.82,-1,-1.0,-1
801,2019-06-06,285.215,287.495,284.49,286.69,-1,-1.0,-1
802,2019-06-07,287.9,290.83,287.7,289.6,-1,-1.0,-1
803,2019-06-10,291.345,292.82,290.86,290.925,-1,-1.0,-1
804,2019-06-11,292.99,293.415,290.18,290.9,-1,-1.0,-1
805,2019-06-12,290.645,291.26,289.805,290.345,-1,-1.0,-1
806,2019-06-13,291.425,291.98,290.615,291.67,-1,-1.0,-1
807,2019-06-14,291.245,291.925,290.39,291.2,-1,-1.0,-1
808,2019-06-17,289.74,290.455,289.41,289.67,-1,-1.0,-1
809,2019-06-18,291.605,293.815,291.225,292.515,-1,-1.0,-1
810,2019-06-19,292.78,293.895,291.75,293.315,-1,-1.0,-1
811,2019-06-20,296.305,296.575,293.865,296.105,-1,-1.0,-1
812,2019-06-21,295.825,297.21,295.455,295.77,-1,-1.0,-1
813,2019-06-24,295.9,296.275,295.155,295.325,-1,-1.0,-1
814,2019-06-25,295.365,295.405,292.3,292.48,-1,-1.0,-1
815,2019-06-26,293.425,293.99,292.01,292.15,-1,-1.0,-1
816,2019-06-27,292.985,293.73,292.6,293.205,-1,-1.0,-1
817,2019-06-28,294.26,295.225,293.705,294.745,-1,-1.0,-1
818,2019-07-01,298.38,298.63,296.02,297.305,-1,-1.0,-1
819,2019-07-02,297.305,298.165,296.365,298.16,-1,-1.0,-1
820,2019-07-03,298.885,300.52,298.71,300.475,-1,-1.0,-1
821,2019-07-05,299.15,300.37,297.73,300.105,-1,-1.0,-1
822,2019-07-08,298.74,299.06,297.92,298.565,-1,-1.0,-1
823,2019-07-09,297.22,299.25,297.19,298.99,-1,-1.0,-1
824,2019-07-10,300.11,301.4,299.495,300.33,-1,-1.0,-1
825,2019-07-11,301.045,301.325,299.92,301.02,-1,-1.0,-1
826,2019-07-12,301.585,302.495,301.255,302.435,-1,-1.0,-1
827,2019-07-15,302.87,302.875,301.96,302.49,-1,-1.0,-1
828,2019-07-16,302.385,302.605,301.185,301.455,-1,-1.0,-1
829,2019-07-17,301.475,301.66,299.485,299.5,-1,-1.0,-1
830,2019-07-18,298.925,300.97,298.41,300.575,-1,-1.0,-1
831,2019-07-19,301.775,301.81,298.695,298.845,-1,-1.0,-1
832,2019-07-22,299.35,300.235,298.755,299.63,-1,-1.0,-1
833,2019-07-23,300.88,301.76,299.955,301.715,-1,-1.0,-1
834,2019-07-24,300.915,303.14,300.815,303.125,-1,-1.0,-1
835,2019-07-25,302.705,302.74,300.83,301.675,-1,-1.0,-1
836,2019-07-26,302.485,303.975,302.355,303.75,-1,-1.0,-1
837,2019-07-29,303.615,303.68,302.58,303.23,-1,-1.0,-1
838,2019-07-30,301.645,302.91,301.21,302.55,-1,-1.0,-1
839,2019-07-31,302.725,302.955,296.9,299.095,-1,-1.0,-1
840,2019-08-01,299.325,302.605,295.645,296.57,-1,-1.0,-1
841,2019-08-02,295.545,295.82,292.575,294.435,-1,-1.0,-1
842,2019-08-05,289.745,289.88,283.325,285.665,-1,-1.0,-1
843,2019-08-06,287.55,289.68,285.91,289.42,-1,-1.0,-1
844,2019-08-07,286.04,290.485,283.645,289.685,-1,-1.0,-1
845,2019-08-08,291.275,295.27,290.66,295.25,-1,-1.0,-1
846,2019-08-09,294.265,294.945,291.31,293.285,-1,-1.0,-1
847,2019-08-12,291.625,292.235,288.67,289.745,-1,-1.0,-1
848,2019-08-13,289.385,295.835,288.99,294.135,-1,-1.0,-1
849,2019-08-14,289.735,290.41,285.39,285.54,-1,-1.0,-1
850,2019-08-15,286.56,287.265,284.015,286.305,-1,-1.0,-1
851,2019-08-16,288.09,291.01,288.09,290.54,-1,-1.0,-1
852,2019-08-19,293.88,294.785,293.13,294.01,-1,-1.0,-1
853,2019-08-20,293.475,294.035,291.625,291.755,-1,-1.0,-1
854,2019-08-21,294.17,294.57,293.39,294.135,-1,-1.0,-1
855,2019-08-22,294.935,295.645,292.08,294.035,-1,-1.0,-1
856,2019-08-23,292.63,294.465,285.095,286.44,-1,-1.0,-1
857,2019-08-26,288.92,289.645,287.225,289.64,-1,-1.0,-1
858,2019-08-27,291.21,291.625,287.685,288.495,-1,-1.0,-1
859,2019-08-28,287.785,290.725,286.88,290.49,-1,-1.0,-1
860,2019-08-29,293.42,294.845,292.29,294.27,-1,-1.0,-1
861,2019-08-30,295.945,295.95,293.13,294.19,-1,-1.0,-1
862,2019-09-03,292.26,293.295,290.93,292.47,-1,-1.0,-1
863,2019-09-04,294.845,295.785,294.005,295.695,-1,-1.0,-1
864,2019-09-05,298.52,300.59,298.39,299.595,-1,-1.0,-1
865,2019-09-06,299.955,300.52,299.17,299.85,-1,-1.0,-1
866,2019-09-09,300.91,300.99,298.895,299.915,-1,-1.0,-1
867,2019-09-10,299.1,299.955,297.705,299.945,-1,-1.0,-1
868,2019-09-11,300.225,302.09,299.495,302.055,-1,-1.0,-1
869,2019-09-12,303.03,304.25,302.18,303.05,-1,-1.0,-1
870,2019-09-13,303.56,303.955,302.435,302.835,-1,-1.0,-1
871,2019-09-16,301.58,302.42,301.205,301.93,-1,-1.0,-1
872,2019-09-17,301.69,302.785,301.535,302.705,-1,-1.0,-1
873,2019-09-18,302.26,303.01,300.005,302.875,-1,-1.0,-1
874,2019-09-19,303.335,304.405,302.475,302.825,-1,-1.0,-1
875,2019-09-20,303.54,303.835,300.555,301.28,-1,-1.0,-1
876,2019-09-23,300.7,302.135,300.41,301.385,-1,-1.0,-1
877,2019-09-24,301.05,301.535,296.465,297.455,-1,-1.0,-1
878,2019-09-25,297.58,299.76,295.97,299.255,-1,-1.0,-1
879,2019-09-26,299.29,299.51,297.095,298.625,-1,-1.0,-1
880,2019-09-27,299.5,299.61,295.33,297.0,-1,-1.0,-1
881,2019-09-30,297.6,299.19,297.55,298.5,-1,-1.0,-1
882,2019-10-01,299.37,300.12,294.615,294.865,-1,-1.0,-1
883,2019-10-02,293.15,293.155,288.24,289.645,-1,-1.0,-1
884,2019-10-03,289.425,292.035,286.425,292.025,-1,-1.0,-1
885,2019-10-04,292.795,296.27,292.73,296.015,-1,-1.0,-1
886,2019-10-07,295.12,296.915,294.405,294.755,-1,-1.0,-1
887,2019-10-08,292.655,293.48,290.105,290.18,-1,-1.0,-1
888,2019-10-09,292.365,293.93,291.67,292.865,-1,-1.0,-1
889,2019-10-10,292.795,295.87,292.62,294.875,-1,-1.0,-1
890,2019-10-11,297.92,300.375,297.785,297.935,-1,-1.0,-1
891,2019-10-14,297.55,298.32,297.225,297.665,-1,-1.0,-1
892,2019-10-15,298.75,301.375,298.63,300.6,-1,-1.0,-1
893,2019-10-16,300.065,300.83,299.58,300.095,-1,-1.0,-1
894,2019-10-17,301.35,301.92,300.19,300.92,-1,-1.0,-1
895,2019-10-18,300.345,301.075,298.645,299.655,-1,-1.0,-1
896,2019-10-21,301.1,301.91,300.61,301.725,-1,-1.0,-1
897,2019-10-22,302.255,302.56,300.575,300.705,-1,-1.0,-1
898,2019-10-23,300.39,301.63,300.17,301.555,-1,-1.0,-1
899,2019-10-24,302.61,302.765,301.145,302.085,-1,-1.0,-1
900,2019-10-25,301.425,303.9,301.365,303.35,-1,-1.0,-1
901,2019-10-28,304.625,305.565,304.615,305.04,-1,-1.0,-1
902,2019-10-29,304.715,305.92,304.555,304.915,-1,-1.0,-1
903,2019-10-30,305.14,306.195,303.685,305.85,-1,-1.0,-1
904,2019-10-31,305.84,305.84,303.425,304.975,-1,-1.0,-1
905,2019-11-01,306.635,307.93,306.47,307.915,-1,-1.0,-1
906,2019-11-04,309.6,309.75,308.7,309.085,-1,-1.0,-1
907,2019-11-05,309.275,309.655,308.435,308.725,-1,-1.0,-1
908,2019-11-06,308.74,309.125,307.775,308.875,-1,-1.0,-1
909,2019-11-07,310.335,311.21,309.395,309.965,-1,-1.0,-1
910,2019-11-08,309.53,310.69,308.77,310.69,-1,-1.0,-1
911,2019-11-11,309.15,310.27,308.985,310.135,-1,-1.0,-1
912,2019-11-12,310.49,311.745,309.89,310.685,-1,-1.0,-1
913,2019-11-13,309.65,311.29,309.4,310.835,-1,-1.0,-1
914,2019-11-14,310.52,311.385,309.825,311.285,-1,-1.0,-1
915,2019-11-15,312.77,313.595,312.015,313.595,-1,-1.0,-1
916,2019-11-18,313.31,314.06,312.805,313.775,-1,-1.0,-1
917,2019-11-19,314.45,314.465,312.975,313.65,-1,-1.0,-1
918,2019-11-20,313.055,313.595,310.8,312.55,-1,-1.0,-1
919,2019-11-21,312.64,312.775,311.135,312.055,-1,-1.0,-1
920,2019-11-22,312.845,312.98,311.58,312.745,-1,-1.0,-1
921,2019-11-25,313.74,315.135,313.74,315.125,-1,-1.0,-1
922,2019-11-26,315.2,316.045,314.825,315.795,-1,-1.0,-1
923,2019-11-27,316.41,317.275,316.145,317.24,-1,-1.0,-1
924,2019-11-29,316.68,316.93,315.845,316.07,-1,-1.0,-1
925,2019-12-02,316.38,316.455,312.935,313.38,-1,-1.0,-1
926,2019-12-03,310.41,311.395,308.87,311.245,-1,-1.0,-1
927,2019-12-04,312.44,313.88,312.09,313.245,-1,-1.0,-1
928,2019-12-05,314.015,314.025,312.335,313.825,-1,-1.0,-1
929,2019-12-06,315.885,317.135,315.885,316.64,-1,-1.0,-1
930,2019-12-09,316.225,317.005,315.605,315.68,-1,-1.0,-1
931,2019-12-10,315.635,316.345,314.595,315.345,-1,-1.0,-1
932,2019-12-11,315.845,316.51,315.405,316.2,-1,-1.0,-1
933,2019-12-12,316.205,319.815,315.955,318.965,-1,-1.0,-1
934,2019-12-13,318.695,320.535,317.825,319.095,-1,-1.0,-1
935,2019-12-16,318.995,319.975,318.98,319.315,-1,-1.0,-1
936,2019-12-17,319.695,320.065,319.285,319.37,-1,-1.0,-1
937,2019-12-18,319.84,320.09,319.365,319.385,-1,-1.0,-1
938,2019-12-19,319.615,320.805,319.56,320.725,-1,-1.0,-1
939,2019-12-20,321.89,322.835,321.79,322.345,-1,-1.0,-1
940,2019-12-23,322.98,323.045,322.45,322.63,-1,-1.0,-1
941,2019-12-24,322.885,322.915,322.3,322.635,-1,-1.0,-1
942,2019-12-26,323.045,324.33,323.035,324.325,-1,-1.0,-1
943,2019-12-27,325.165,325.215,323.705,324.265,-1,-1.0,-1
944,2019-12-30,324.355,324.51,321.955,322.515,-1,-1.0,-1
945,2019-12-31,321.935,323.545,321.55,323.295,-1,-1.0,-1
946,2020-01-02,324.955,326.265,323.945,326.26,-1,-1.0,-1
947,2020-01-03,322.55,325.065,322.525,323.865,-1,-1.0,-1
948,2020-01-06,321.88,325.165,321.77,325.075,-1,-1.0,-1
949,2020-01-07,324.43,324.98,323.645,324.185,-1,-1.0,-1
950,2020-01-08,324.385,327.22,324.09,325.845,-1,-1.0,-1
951,2020-01-09,327.61,328.175,326.945,328.055,-1,-1.0,-1
952,2020-01-10,328.745,328.905,326.625,327.13,-1,-1.0,-1
953,2020-01-13,327.845,329.42,327.355,329.395,-1,-1.0,-1
954,2020-01-14,328.92,330.065,328.315,328.9,-1,-1.0,-1
955,2020-01-15,328.815,330.49,328.705,329.64,-1,-1.0,-1
956,2020-01-16,331.16,332.39,330.91,332.38,-1,-1.0,-1
957,2020-01-17,333.175,333.655,332.535,333.5,-1,-1.0,-1
958,2020-01-21,332.375,333.65,332.3,332.8,-1,-1.0,-1
959,2020-01-22,333.725,334.45,332.66,332.86,-1,-1.0,-1
960,2020-01-23,332.115,333.42,330.87,333.245,-1,-1.0,-1
961,2020-01-24,333.93,334.005,328.835,330.22,-1,-1.0,-1
962,2020-01-27,324.47,326.565,324.105,324.96,-1,-1.0,-1
963,2020-01-28,326.515,329.305,325.985,328.395,-1,-1.0,-1
964,2020-01-29,329.855,330.085,327.86,328.095,-1,-1.0,-1
965,2020-01-30,325.78,329.36,324.97,329.11,-1,-1.0,-1
966,2020-01-31,328.465,328.625,322.185,323.18,-1,-1.0,-1
967,2020-02-03,324.805,327.63,324.685,325.615,-1,-1.0,-1
968,2020-02-04,329.565,331.485,329.195,330.58,-1,-1.0,-1
969,2020-02-05,333.775,334.585,332.17,334.325,-1,-1.0,-1
970,2020-02-06,335.445,335.69,334.295,335.465,-1,-1.0,-1
971,2020-02-07,334.345,335.115,333.125,333.73,-1,-1.0,-1
972,2020-02-10,332.735,336.235,332.735,336.205,-1,-1.0,-1
973,2020-02-11,337.69,338.54,336.255,336.815,-1,-1.0,-1
974,2020-02-12,338.35,339.195,337.965,338.975,-1,-1.0,-1
975,2020-02-13,337.39,339.67,337.095,338.61,-1,-1.0,-1
976,2020-02-14,339.01,339.255,337.74,339.14,-1,-1.0,-1
977,2020-02-18,338.055,338.71,336.755,338.245,-1,-1.0,-1
978,2020-02-19,339.305,340.635,339.01,339.885,-1,-1.0,-1
979,2020-02-20,339.295,340.19,335.21,338.515,-1,-1.0,-1
980,2020-02-21,337.005,337.335,334.1,335.02,-1,-1.0,-1
981,2020-02-24,324.565,327.29,322.675,323.855,-1,-1.0,-1
982,2020-02-25,325.395,326.075,313.075,314.09,-1,-1.0,-1
983,2020-02-26,315.56,319.515,312.055,312.925,-1,-1.0,-1
984,2020-02-27,306.765,310.995,298.765,298.805,-1,-1.0,-1
985,2020-02-28,289.915,297.735,286.725,297.595,-1,-1.0,-1
986,2020-03-02,299.525,310.52,295.675,310.43,-1,-1.0,-1
987,2020-03-03,310.825,315.175,298.83,301.575,-1,-1.0,-1
988,2020-03-04,307.455,314.485,304.66,314.335,-1,-1.0,-1
989,2020-03-05,306.34,309.865,301.3,303.75,-1,-1.0,-1
990,2020-03-06,294.4,300.06,291.455,298.675,-1,-1.0,-1
991,2020-03-09,276.2,285.315,271.67,275.52,-1,-1.0,-1
992,2020-03-10,285.75,289.735,274.595,289.68,-1,-1.0,-1
993,2020-03-11,281.85,283.07,271.985,275.515,-1,-1.0,-1
994,2020-03-12,256.42,267.72,248.565,248.94,-1,-1.0,-1
995,2020-03-13,264.095,272.11,250.505,271.905,-1,-1.0,-1
996,2020-03-16,241.92,257.87,216.245,240.24,-1,-1.0,-1
997,2020-03-17,245.815,256.985,237.85,255.385,-1,-1.0,-1
998,2020-03-18,236.95,246.92,228.775,241.775,-1,-1.0,-1
999,2020-03-19,239.915,248.265,232.6,242.04,-1,-1.0,-1
1000,2020-03-20,244.73,246.78,230.7,231.29,-1,-1.0,-1
1001,2020-03-23,230.165,231.545,220.205,224.58,-1,-1.0,-1
1002,2020-03-24,236.41,246.36,235.9,245.83,-1,-1.0,-1
1003,2020-03-25,245.57,257.21,240.425,247.495,-1,-1.0,-1
1004,2020-03-26,250.29,263.655,249.74,262.265,-1,-1.0,-1
1005,2020-03-27,254.04,261.625,251.75,254.2,-1,-1.0,-1
1006,2020-03-30,256.525,263.195,254.36,262.47,-1,-1.0,-1
1007,2020-03-31,261.395,264.135,257.005,258.465,-1,-1.0,-1
1008,2020-04-01,248.73,252.215,244.625,246.905,-1,-1.0,-1
1009,2020-04-02,245.95,253.48,245.34,252.625,-1,-1.0,-1
1010,2020-04-03,251.52,254.065,246.005,248.985,-1,-1.0,-1
1011,2020-04-06,258.655,267.8,257.52,265.775,-1,-1.0,-1
1012,2020-04-07,275.085,275.96,265.72,265.905,-1,-1.0,-1
1013,2020-04-08,268.755,276.28,266.395,274.96,-1,-1.0,-1
1014,2020-04-09,278.455,282.085,276.345,279.105,-1,-1.0,-1
1015,2020-04-13,278.01,278.31,272.26,276.42,-1,-1.0,-1
1016,2020-04-14,281.855,285.845,280.79,284.805,-1,-1.0,-1
1017,2020-04-15,278.44,280.48,276.31,278.615,-1,-1.0,-1
1018,2020-04-16,280.005,280.925,276.62,280.06,-1,-1.0,-1
1019,2020-04-17,286.305,288.235,283.3,287.65,-1,-1.0,-1
1020,2020-04-20,283.495,287.215,282.23,282.5,-1,-1.0,-1
1021,2020-04-21,277.565,278.945,272.89,273.865,-1,-1.0,-1
1022,2020-04-22,279.22,281.915,277.775,280.07,-1,-1.0,-1
1023,2020-04-23,281.385,284.835,279.655,279.955,-1,-1.0,-1
1024,2020-04-24,281.65,284.6,279.385,283.945,-1,-1.0,-1
1025,2020-04-27,285.995,289.205,285.555,288.045,-1,-1.0,-1
1026,2020-04-28,291.99,292.355,286.34,286.71,-1,-1.0,-1
1027,2020-04-29,292.47,295.845,291.38,294.15,-1,-1.0,-1
1028,2020-04-30,292.675,293.19,289.53,291.265,-1,-1.0,-1
1029,2020-05-01,286.2,286.96,282.435,283.635,-1,-1.0,-1
1030,2020-05-04,281.595,284.845,280.04,284.6,-1,-1.0,-1
1031,2020-05-05,287.535,290.185,286.66,287.1,-1,-1.0,-1
1032,2020-05-06,288.965,289.4,285.105,285.205,-1,-1.0,-1
1033,2020-05-07,288.685,290.725,288.08,288.62,-1,-1.0,-1
1034,2020-05-08,292.03,293.83,290.805,293.435,-1,-1.0,-1
1035,2020-05-11,291.27,294.985,290.815,293.48,-1,-1.0,-1
1036,2020-05-12,294.74,295.19,287.46,287.525,-1,-1.0,-1
1037,2020-05-13,287.01,288.11,279.865,282.565,-1,-1.0,-1
1038,2020-05-14,279.815,286.025,277.255,285.975,-1,-1.0,-1
1039,2020-05-15,283.325,287.235,282.225,287.18,-1,-1.0,-1
1040,2020-05-18,293.995,297.68,293.66,295.975,-1,-1.0,-1
1041,2020-05-19,295.315,297.19,292.905,292.96,-1,-1.0,-1
1042,2020-05-20,296.785,298.865,296.555,297.965,-1,-1.0,-1
1043,2020-05-21,297.755,298.665,294.66,295.745,-1,-1.0,-1
1044,2020-05-22,295.54,296.63,294.205,296.385,-1,-1.0,-1
1045,2020-05-26,302.965,303.21,299.72,300.2,-1,-1.0,-1
1046,2020-05-27,303.17,304.61,297.885,304.565,-1,-1.0,-1
1047,2020-05-28,305.735,307.915,303.295,303.995,-1,-1.0,-1
1048,2020-05-29,303.485,305.99,300.61,305.21,-1,-1.0,-1
1049,2020-06-01,304.62,307.255,304.08,306.635,-1,-1.0,-1
1050,2020-06-02,307.615,309.215,306.155,309.195,-1,-1.0,-1
1051,2020-06-03,311.305,314.33,311.02,313.335,-1,-1.0,-1
1052,2020-06-04,312.185,314.12,310.155,312.385,-1,-1.0,-1
1053,2020-06-05,318.385,322.455,318.305,320.455,-1,-1.0,-1
1054,2020-06-08,321.405,324.56,320.785,324.435,-1,-1.0,-1
1055,2020-06-09,321.455,323.55,320.52,321.99,-1,-1.0,-1
1056,2020-06-10,322.595,323.57,319.385,320.14,-1,-1.0,-1
1057,2020-06-11,312.565,313.205,301.04,301.595,-1,-1.0,-1
1058,2020-06-12,309.295,310.16,299.605,305.32,-1,-1.0,-1
1059,2020-06-15,297.725,308.11,296.49,306.855,-1,-1.0,-1
1060,2020-06-16,315.34,315.495,307.515,312.81,-1,-1.0,-1
1061,2020-06-17,313.905,314.23,310.56,311.415,-1,-1.0,-1
1062,2020-06-18,309.82,312.145,309.325,311.58,-1,-1.0,-1
1063,2020-06-19,315.405,315.61,308.385,309.74,-1,-1.0,-1
1064,2020-06-22,309.195,312.235,307.945,311.87,-1,-1.0,-1
1065,2020-06-23,314.735,315.73,312.835,313.24,-1,-1.0,-1
1066,2020-06-24,311.055,311.72,303.275,305.31,-1,-1.0,-1
1067,2020-06-25,304.67,308.845,302.455,308.465,-1,-1.0,-1
1068,2020-06-26,307.34,307.59,300.59,301.255,-1,-1.0,-1
1069,2020-06-29,302.575,305.645,300.11,305.615,-1,-1.0,-1
1070,2020-06-30,305.16,311.405,305.03,309.715,-1,-1.0,-1
1071,2020-07-01,310.735,313.085,310.265,311.79,-1,-1.0,-1
1072,2020-07-02,315.485,316.93,312.725,313.425,-1,-1.0,-1
1073,2020-07-06,317.63,318.675,316.79,318.235,-1,-1.0,-1
1074,2020-07-07,316.565,318.765,314.6,314.94,-1,-1.0,-1
1075,2020-07-08,315.835,317.54,313.925,317.355,-1,-1.0,-1
1076,2020-07-09,318.05,318.34,311.89,315.635,-1,-1.0,-1
1077,2020-07-10,315.475,319.12,313.985,318.865,-1,-1.0,-1
1078,2020-07-13,321.37,323.975,315.36,316.02,-1,-1.0,-1
1079,2020-07-14,314.54,320.575,313.215,320.165,-1,-1.0,-1
1080,2020-07-15,323.69,324.325,320.53,323.14,-1,-1.0,-1
1081,2020-07-16,321.065,322.54,320.34,322.07,-1,-1.0,-1
1082,2020-07-17,323.135,323.845,320.985,322.955,-1,-1.0,-1
1083,2020-07-20,322.7,326.425,321.91,325.63,-1,-1.0,-1
1084,2020-07-21,327.74,328.235,325.24,326.27,-1,-1.0,-1
1085,2020-07-22,325.895,328.485,325.79,328.12,-1,-1.0,-1
1086,2020-07-23,327.74,328.53,322.75,324.225,-1,-1.0,-1
1087,2020-07-24,322.22,323.265,320.51,322.135,-1,-1.0,-1
1088,2020-07-27,322.905,324.68,322.04,324.475,-1,-1.0,-1
1089,2020-07-28,323.715,324.935,322.12,322.48,-1,-1.0,-1
1090,2020-07-29,323.395,327.05,323.355,326.395,-1,-1.0,-1
1091,2020-07-30,323.185,325.715,320.89,325.27,-1,-1.0,-1
1092,2020-07-31,327.205,327.895,322.6,327.84,-1,-1.0,-1
1093,2020-08-03,329.655,330.93,329.035,330.08,-1,-1.0,-1
1094,2020-08-04,329.15,331.39,329.145,331.35,-1,-1.0,-1
1095,2020-08-05,332.82,333.74,332.52,333.425,-1,-1.0,-1
1096,2020-08-06,332.79,335.805,332.45,335.68,-1,-1.0,-1
1097,2020-08-07,334.635,336.11,333.655,335.915,-1,-1.0,-1
1098,2020-08-10,336.425,337.14,334.29,336.925,-1,-1.0,-1
1099,2020-08-11,338.245,338.885,333.355,334.165,-1,-1.0,-1
1100,2020-08-12,336.795,339.65,336.795,338.77,-1,-1.0,-1
1101,2020-08-13,337.95,339.625,337.175,338.21,-1,-1.0,-1
1102,2020-08-14,337.765,338.79,337.035,338.225,-1,-1.0,-1
1103,2020-08-17,339.3,339.725,338.845,339.255,-1,-1.0,-1
1104,2020-08-18,339.705,340.48,337.975,339.985,-1,-1.0,-1
1105,2020-08-19,340.445,340.995,337.985,338.59,-1,-1.0,-1
1106,2020-08-20,336.72,340.155,336.58,339.635,-1,-1.0,-1
1107,2020-08-21,339.305,341.075,338.93,340.83,-1,-1.0,-1
1108,2020-08-24,343.505,344.42,342.435,344.335,-1,-1.0,-1
1109,2020-08-25,344.955,345.61,343.66,345.51,-1,-1.0,-1
1110,2020-08-26,346.145,349.3,345.56,348.99,-1,-1.0,-1
1111,2020-08-27,349.935,351.34,347.965,349.755,-1,-1.0,-1
1112,2020-08-28,350.895,352.19,349.6,352.025,-1,-1.0,-1
1113,2020-08-31,351.805,352.775,350.54,350.765,-1,-1.0,-1
1114,2020-09-01,351.675,354.17,350.69,354.065,-1,-1.0,-1
1115,2020-09-02,356.175,360.235,354.895,359.21,-1,-1.0,-1
1116,2020-09-03,357.385,357.885,344.015,346.84,-1,-1.0,-1
1117,2020-09-04,347.585,349.27,336.205,344.02,-1,-1.0,-1
1118,2020-09-08,338.025,339.425,334.205,334.575,-1,-1.0,-1
1119,2020-09-09,338.925,343.895,337.97,341.155,-1,-1.0,-1
1120,2020-09-10,343.225,343.93,334.2,335.24,-1,-1.0,-1
1121,2020-09-11,337.165,338.335,332.325,335.405,-1,-1.0,-1
1122,2020-09-14,338.845,341.755,338.275,339.81,-1,-1.0,-1
1123,2020-09-15,342.505,343.42,340.41,341.555,-1,-1.0,-1
1124,2020-09-16,342.985,344.48,339.92,340.195,-1,-1.0,-1
1125,2020-09-17,334.915,339.08,334.33,337.27,-1,-1.0,-1
1126,2020-09-18,338.045,338.2,330.625,333.33,-1,-1.0,-1
1127,2020-09-21,328.345,329.735,324.325,329.675,-1,-1.0,-1
1128,2020-09-22,331.23,333.565,328.485,332.99,-1,-1.0,-1
1129,2020-09-23,332.075,332.38,323.215,323.77,-1,-1.0,-1
1130,2020-09-24,322.335,327.925,320.91,324.63,-1,-1.0,-1
1131,2020-09-25,323.67,330.715,322.755,329.845,-1,-1.0,-1
1132,2020-09-28,334.375,336.125,333.275,335.355,-1,-1.0,-1
1133,2020-09-29,335.17,335.92,332.76,333.54,-1,-1.0,-1
1134,2020-09-30,334.265,339.46,334.015,336.025,-1,-1.0,-1
1135,2020-10-01,338.865,339.9,336.17,338.22,-1,-1.0,-1
1136,2020-10-02,332.835,337.11,332.325,335.02,-1,-1.0,-1
1137,2020-10-05,337.225,341.13,337.205,340.905,-1,-1.0,-1
1138,2020-10-06,341.105,343.34,335.55,336.09,-1,-1.0,-1
1139,2020-10-07,339.285,342.825,339.265,341.905,-1,-1.0,-1
1140,2020-10-08,344.045,345.045,343.06,344.935,-1,-1.0,-1
1141,2020-10-09,346.77,348.55,346.085,348.035,-1,-1.0,-1
1142,2020-10-12,350.775,355.26,350.265,353.645,-1,-1.0,-1
1143,2020-10-13,353.505,353.605,350.3,351.355,-1,-1.0,-1
1144,2020-10-14,351.955,353.165,348.345,349.185,-1,-1.0,-1
1145,2020-10-15,344.855,349.255,344.33,348.725,-1,-1.0,-1
1146,2020-10-16,350.195,351.985,348.32,348.47,-1,-1.0,-1
1147,2020-10-19,349.845,350.53,342.25,343.23,-1,-1.0,-1
1148,2020-10-20,344.665,348.115,343.845,344.555,-1,-1.0,-1
1149,2020-10-21,344.535,346.9,343.59,343.88,-1,-1.0,-1
1150,2020-10-22,344.175,346.46,341.85,345.845,-1,-1.0,-1
1151,2020-10-23,347.175,347.205,344.325,346.975,-1,-1.0,-1
1152,2020-10-26,343.335,344.195,336.815,340.605,-1,-1.0,-1
1153,2020-10-27,340.925,341.325,339.16,339.455,-1,-1.0,-1
1154,2020-10-28,333.255,334.015,327.295,327.805,-1,-1.0,-1
1155,2020-10-29,328.085,334.57,326.23,331.17,-1,-1.0,-1
1156,2020-10-30,329.405,330.845,323.725,327.685,-1,-1.0,-1
1157,2020-11-02,331.355,333.545,328.375,331.38,-1,-1.0,-1
1158,2020-11-03,334.885,339.445,334.35,337.165,-1,-1.0,-1
1159,2020-11-04,342.135,349.185,340.775,344.71,-1,-1.0,-1
1160,2020-11-05,350.495,353.45,350.115,351.455,-1,-1.0,-1
1161,2020-11-06,351.13,352.76,348.9,351.44,-1,-1.0,-1
1162,2020-11-09,365.305,365.765,355.325,355.815,-1,-1.0,-1
1163,2020-11-10,354.765,356.46,351.83,355.38,-1,-1.0,-1
1164,2020-11-11,357.675,358.865,356.33,357.92,-1,-1.0,-1
1165,2020-11-12,356.875,357.72,352.525,354.535,-1,-1.0,-1
1166,2020-11-13,356.54,360.19,355.985,359.36,-1,-1.0,-1
1167,2020-11-16,362.3,363.845,360.9,363.79,-1,-1.0,-1
1168,2020-11-17,361.275,363.255,359.64,361.96,-1,-1.0,-1
1169,2020-11-18,362.215,362.84,357.535,357.595,-1,-1.0,-1
1170,2020-11-19,356.855,359.475,355.415,359.05,-1,-1.0,-1
1171,2020-11-20,358.795,359.02,356.535,356.635,-1,-1.0,-1
1172,2020-11-23,358.55,360.055,356.14,358.77,-1,-1.0,-1
1173,2020-11-24,361.525,365.13,360.595,364.495,-1,-1.0,-1
1174,2020-11-25,364.425,364.49,362.8,363.975,-1,-1.0,-1
1175,2020-11-27,365.155,365.52,363.905,364.965,-1,-1.0,-1
1176,2020-11-30,364.145,364.435,360.47,363.335,-1,-1.0,-1
1177,2020-12-01,366.905,368.995,366.27,367.335,-1,-1.0,-1
1178,2020-12-02,366.145,368.3,365.52,368.085,-1,-1.0,-1
1179,2020-12-03,368.015,369.545,366.87,368.035,-1,-1.0,-1
1180,2020-12-04,368.665,371.205,368.57,371.195,-1,-1.0,-1
1181,2020-12-07,370.385,370.995,369.105,370.515,-1,-1.0,-1
1182,2020-12-08,369.085,372.175,369.055,371.555,-1,-1.0,-1
1183,2020-12-09,372.255,372.435,367.31,368.26,-1,-1.0,-1
1184,2020-12-10,366.725,369.225,365.775,368.075,-1,-1.0,-1
1185,2020-12-11,366.245,367.935,364.595,367.64,-1,-1.0,-1
1186,2020-12-14,368.395,369.58,364.22,364.325,-1,-1.0,-1
1187,2020-12-15,367.16,369.34,365.67,369.325,-1,-1.0,-1
1188,2020-12-16,369.585,370.9,368.615,369.915,-1,-1.0,-1
1189,2020-12-17,371.685,372.215,370.795,371.97,-1,-1.0,-1
1190,2020-12-18,372.305,372.49,368.32,370.45,-1,-1.0,-1
1191,2020-12-21,366.265,370.155,363.345,369.28,-1,-1.0,-1
1192,2020-12-22,369.505,369.685,367.375,368.57,-1,-1.0,-1
1193,2020-12-23,369.635,370.96,368.705,368.865,-1,-1.0,-1
1194,2020-12-24,369.395,370.36,368.805,370.345,-1,-1.0,-1
1195,2020-12-28,373.095,373.945,372.415,373.515,-1,-1.0,-1
1196,2020-12-29,375.14,375.37,372.18,372.825,-1,-1.0,-1
1197,2020-12-30,373.69,374.455,372.945,373.305,-1,-1.0,-1
1198,2020-12-31,373.175,376.04,372.585,375.205,-1,-1.0,-1
1199,2021-01-04,376.66,376.81,366.155,370.21,-1,-1.0,-1
1200,2021-01-05,369.425,373.845,369.42,372.645,-1,-1.0,-1
1201,2021-01-06,371.055,378.375,370.46,374.905,-1,-1.0,-1
1202,2021-01-07,377.475,381.295,377.275,380.48,-1,-1.0,-1
1203,2021-01-08,381.965,382.88,378.48,382.66,-1,-1.0,-1
1204,2021-01-11,379.265,381.975,379.07,380.15,-1,-1.0,-1
1205,2021-01-12,380.25,381.265,377.74,380.19,-1,-1.0,-1
1206,2021-01-13,380.06,382.25,379.235,381.135,-1,-1.0,-1
1207,2021-01-14,381.945,382.53,379.465,379.845,-1,-1.0,-1
1208,2021-01-15,378.075,378.98,375.09,377.08,-1,-1.0,-1
1209,2021-01-19,379.725,380.62,378.135,380.015,-1,-1.0,-1
1210,2021-01-20,382.51,386.205,382.115,385.25,-1,-1.0,-1
1211,2021-01-21,385.905,386.365,384.66,385.625,-1,-1.0,-1
1212,2021-01-22,383.64,385.495,383.245,384.26,-1,-1.0,-1
1213,2021-01-25,385.085,386.2,379.86,385.83,-1,-1.0,-1
1214,2021-01-26,386.82,387.27,385.005,385.25,-1,-1.0,-1
1215,2021-01-27,381.615,381.705,373.405,375.875,-1,-1.0,-1
1216,2021-01-28,377.74,383.365,377.3,379.025,-1,-1.0,-1
1217,2021-01-29,377.03,378.075,369.64,371.54,-1,-1.0,-1
1218,2021-02-01,375.135,378.735,372.79,377.575,-1,-1.0,-1
1219,2021-02-02,380.99,384.645,380.98,382.92,-1,-1.0,-1
1220,2021-02-03,383.865,385.125,381.89,383.27,-1,-1.0,-1
1221,2021-02-04,384.36,387.65,384.2,387.61,-1,-1.0,-1
1222,2021-02-05,389.675,389.925,387.93,389.135,-1,-1.0,-1
1223,2021-02-08,390.725,392.025,389.83,392.025,-1,-1.0,-1
1224,2021-02-09,391.075,392.355,390.645,391.71,-1,-1.0,-1
1225,2021-02-10,393.595,393.74,388.95,391.55,-1,-1.0,-1
1226,2021-02-11,392.73,393.16,389.565,392.19,-1,-1.0,-1
1227,2021-02-12,391.295,394.375,391.225,394.19,-1,-1.0,-1
1228,2021-02-16,395.43,395.65,393.005,393.815,-1,-1.0,-1
1229,2021-02-17,391.89,394.13,390.78,393.925,-1,-1.0,-1
1230,2021-02-18,391.045,392.99,389.19,392.22,-1,-1.0,-1
1231,2021-02-19,393.535,393.865,391.01,391.495,-1,-1.0,-1
1232,2021-02-22,388.505,391.085,388.195,388.555,-1,-1.0,-1
1233,2021-02-23,386.075,390.385,381.595,388.945,-1,-1.0,-1
1234,2021-02-24,387.75,393.685,386.71,393.215,-1,-1.0,-1
1235,2021-02-25,391.88,393.365,382.19,383.795,-1,-1.0,-1
1236,2021-02-26,385.815,387.03,379.63,381.735,-1,-1.0,-1
1237,2021-03-01,387.065,392.385,387.005,390.995,-1,-1.0,-1
1238,2021-03-02,391.285,391.565,387.76,388.005,-1,-1.0,-1
1239,2021-03-03,387.23,388.295,382.735,382.86,-1,-1.0,-1
1240,2021-03-04,382.645,385.43,373.24,378.15,-1,-1.0,-1
1241,2021-03-05,381.85,386.21,374.04,385.045,-1,-1.0,-1
1242,2021-03-08,386.125,389.135,382.82,383.17,-1,-1.0,-1
1243,2021-03-09,387.27,391.37,386.755,388.56,-1,-1.0,-1
1244,2021-03-10,391.175,392.885,389.625,390.98,-1,-1.0,-1
1245,2021-03-11,393.725,397.16,393.22,394.965,-1,-1.0,-1
1246,2021-03-12,393.595,395.725,392.665,395.6,-1,-1.0,-1
1247,2021-03-15,395.87,398.21,393.52,397.995,-1,-1.0,-1
1248,2021-03-16,398.575,399.365,396.59,397.46,-1,-1.0,-1
1249,2021-03-17,396.045,399.65,394.805,398.755,-1,-1.0,-1
1250,2021-03-18,395.995,398.25,392.35,392.915,-1,-1.0,-1
1251,2021-03-19,392.66,394.34,389.905,392.235,-1,-1.0,-1
1252,2021-03-22,392.815,396.84,392.74,395.315,-1,-1.0,-1
1253,2021-03-23,394.675,396.245,391.405,392.255,-1,-1.0,-1
1254,2021-03-24,393.765,395.545,390.225,390.235,-1,-1.0,-1
1255,2021-03-25,387.405,392.005,385.315,391.11,-1,-1.0,-1
1256,2021-03-26,392.395,397.885,391.745,397.415,-1,-1.0,-1
1257,2021-03-29,395.865,398.23,394.28,397.24,-1,-1.0,-1
